"id","description","id.1","label","id.2","label.1","id.3","label.2","id.4","label.3","id.5","label.4","id.6","label.5","id.7","label.6","id.8","label.7","id","label"
"REG_ID","Regions","AUS","Australia","LIFE_EXP","Life expectancy at birth","VALUE","Value","2000","2000","B","Break","1","RATIOS","0","Units","2013_100","2013=100","P1Y","Annual"
"IND","Indicator","AU1","New South Wales","HEALTH","Health","UP_CI","Upper bound of the 95% confidence interval","2009","2009","C","Non-publishable and confidential value","GRWH","Growth rate","1","Tens","2012_100","2012=100","P1M","Monthly"
"MEAS","Measure","AU2","Victoria","RWB","REGIONAL WELL-BEING","RIDD_QUAL","Quality measures (regional income distribution)","2010","2010","D","Difference in methodology","AVGRW","Average growth rate","2","Hundreds","2011_100","2011=100","P3M","Quarterly"
"TIME","Time","AU3","Queensland","AIR_POL","Air pollution, level of PM2.5","LO_CI","Lower bound of the 95% confidence interval","2011","2011","E","Estimated value","IDX","Index","3","Thousands","2010_100","2010=100","P6M","Half-yearly"
"OBS_VALUE","Observation Value","AU4","South Australia","ENVIR","Environment","","","2013","2013","F","Forecast value","P50P10","Interdecile ratio P50/P10","4","Tens of thousands","2009_100","2009=100","P1D","Daily"
"TIME_FORMAT","Time Format","AU5","Western Australia","VOTERS_SH","Voter turnout in general election","","","2014","2014","H","Missing value, holiday or weekend","P90P10","Interdecile ratio P90/P10","5","Hundreds of thousands","2008_100","2008=100","",""
"OBS_STATUS","Observation Status","AU6","Tasmania","CIVIC","Civic engagement","","","","","I","Incomplete data","P90P50","Interdecile ratio P90/P50","6","Millions","2007_100","2007=100","",""
"UNIT","Unit","AU7","Northern Territory (NT)","BB_ACC","Share of households with internet broadband access","","","","","L","Missing value; data exist but were not collected","AVSCORE","Average score","7","Tens of millions","2006_100","2006=100","",""
"POWERCODE","Unit multiplier","AU8","Australian Capital Territory (ACT)","ACCESS","Access to services","","","","","M","Missing value; data cannot exist","NATUSD","National currency per US dollar","8","Hundreds of millions","2005_100","2005=100","",""
"REFERENCEPERIOD","Reference period","AUT","Austria","GINI","Gini (at disposable income, after taxes and transfers)","","","","","N","Non-publishable, but non-confidential value","OECDIDX","OECD=100","9","Billions","2004_100","2004=100","",""
"","","AT11","Burgenland (AT)","INEQ","Inequality","","","","","P","Provisional value","PC","Percentage","10","Tens of billions","2003_100","2003=100","",""
"","","AT12","Lower Austria","RIDD","REGIONAL INCOME DISTRIBUTION","","","","","R","Confidential statistical information due to identifiable","RATIO","Ratio","11","Hundreds of billions","2002_100","2002=100","",""
"","","AT13","Vienna","GINIB","Gini before taxes and transfers","","","","","S","Strike","TOEUSD","To be deleted-Toe per 1 000 US dollars","12","Trillions","2001_100","2001=100","",""
"","","AT21","Carinthia","PVT6A","Poverty rate after taxes and transfers, Poverty line 60%","","","","","Z","Absolute zero observation","TOE_1000USD","TOE per 1 000 US dollars","13","Tens of trillions","2000_100","2000=100","",""
"","","AT22","Styria","PVT","Poverty","","","","","","","USD_KG","US dollars per kilogram","14","Hundreds of trillions","1999_100","1999=100","",""
"","","AT31","Upper Austria","PVT6B","Poverty rate before taxes and transfers, Poverty line 60%","","","","","","","USD_L","US dollars per litre","15","Quadrillions","1998_100","1998=100","",""
"","","AT32","Salzburg","PVT5A","Poverty rate after taxes and transfers, Poverty line 50%","","","","","","","USD_CO2","US dollars per unit of CO2","-1","Tenths","1997_100","1997=100","",""
"","","AT33","Tyrol","PVT5B","Poverty rate before taxes and transfers, Poverty line 50%","","","","","","","USD_BAR","US dollars per barrel","-2","Hundredths","1996_100","1996=100","",""
"","","AT34","Vorarlberg","S80S20A","S80/S20 disposable income quintile ratio ","","","","","","","USD_HAB","To be deleted","-3","Thousandths","1995_100","1995=100","",""
"","","BEL","Belgium","ROOMS_PC","Number of rooms per person","","","","","","","EUIDX","European Union = 100","-4","Ten-thousandths","1994_100","1994=100","",""
"","","BE1","Brussels Capital Region","HOUSE","Housing","","","","","","","NATEU","National currency per Euro","-5","Hundred-thousandths","1993_100","1993=100","",""
"","","BE2","Flemish Region","SUBJ_SOC_SUPP","Perceived social network support","","","","","","","0_EXIST_1_DONTEXIST","0 = Data do not exist / 1 = Data exist","-6","Millionths","1992_100","1992=100","",""
"","","BE3","Wallonia","SOCIAL","Social network support","","","","","","","DEATH_1000BIRTH","Deaths per 1 000 live births","-7","Ten-millionths","1991_100","1991=100","",""
"","","CAN","Canada","SUBJ_LIFE_SAT","Self-evaluation of life satisfaction","","","","","","","EMPLOYED","Employed","-8","Hundred-millionths","2013","2013","",""
"","","CA10","Newfoundland and Labrador","SATISF","Life satisfaction","","","","","","","ENTR","Enterprises","-9","Billionths","2012","2012","",""
"","","CA11","Prince Edward Island","INCOME_DISP","Disposable income per capita","","","","","","","ESTB","Establishments","-10","Ten-billionths","2011","2011","",""
"","","CA12","Nova Scotia","INCOME","Income","","","","","","","1000000HAB","Per 1 000 000 inhabitants","-11","Hundred-billionths","2010","2010","",""
"","","CA13","New Brunswick","EMP_RA","Employment rate","","","","","","","VKM","Vehicle-kilometres","-12","Trillionths","2009","2009","",""
"","","CA24","Quebec","JOB","Jobs","","","","","","","FTE","Full time equivalent","-13","Ten-trillionths","2008","2008","",""
"","","CA35","Ontario","UNEM_RA","Unemployment rate","","","","","","","_1000","Per thousand","-14","Hundred-trillionths","2007","2007","",""
"","","CA46","Manitoba","EDU38_SH","Share of labour force with at least secondary education","","","","","","","SE","Standard-error","-15","Quadrillionths","2006","2006","",""
"","","CA47","Saskatchewan","EDUC","Education","","","","","","","0_TO_1","0-1 scale","9999",".","2005","2005","",""
"","","CA48","Alberta","STD_MORT","Standardised mortality rate","","","","","","","2","NUMBERS","","","2004","2004","",""
"","","CA59","British Columbia","HOMIC_RA","Homicide rate","","","","","","","CHLD","Children","","","2003","2003","",""
"","","CA60","Yukon","SAFE","Safety","","","","","","","DEATH1000","To be deleted-Deaths per 1 000 live births","","","2002","2002","",""
"","","CA61","Northwest Territories","SUBJ_PERC_CORR","Perception of corrution","","","","","","","EMPLOYEE","Employee","","","2001","2001","",""
"","","CA62","Nunavut","GOV","Quality of government","","","","","","","HAB","Inhabitants","","","2000","2000","",""
"","","CHL","Chile","","","","","","","","","JOB","Jobs","","","1999","1999","",""
"","","CL01","Tarapacá","","","","","","","","","NBR","Number","","","1998","1998","",""
"","","CL02","Antofagasta","","","","","","","","","PKM","Passenger-kilometres","","","1997","1997","",""
"","","CL03","Atacama","","","","","","","","","1000HAB","Per 1 000 inhabitants","","","1996","1996","",""
"","","CL04","Coquimbo","","","","","","","","","100000HAB","Per 100 000 inhabitants","","","1995","1995","",""
"","","CL05","Valparaíso","","","","","","","","","100HAB","Per 100 inhabitants","","","1994","1994","",""
"","","CL06","O'Higgins","","","","","","","","","PC_PNT","Percentage points","","","1993","1993","",""
"","","CL07","Maule","","","","","","","","","PER","Persons","","","1992","1992","",""
"","","CL08","Bío-Bío","","","","","","","","","3","TIME","","","1991","1991","",""
"","","CL09","Araucanía","","","","","","","","","DAY","Days","","","1990_100","1990=100","",""
"","","CL10","Los Lagos","","","","","","","","","HOUR","Hours","","","2011_12","2011-12","",""
"","","CL11","Aysén","","","","","","","","","HPYPP","Hours per year per person","","","2004_05","2004-05","",""
"","","CL12","Magallanes y Antártica","","","","","","","","","MONTH","Months","","","1995_96","1995-96","",""
"","","CL13","Santiago Metropolitan","","","","","","","","","YR","Years","","","2012_13","2012-13","",""
"","","CL14","Los Rios","","","","","","","","","MPD","Minutes per day","","","2009_10","2009-10","",""
"","","CL15","Arica Y Parinacota","","","","","","","","","WEEK","Weeks","","","2014_100","2014=100","",""
"","","CZE","Czech Republic","","","","","","","","","DPYPP","Days per year per person","","","USA_100","USA=100","",""
"","","CZ01","Prague","","","","","","","","","LT_HAB","Litres per capita","","","2014","2014","",""
"","","CZ02","Central Bohemian Region","","","","","","","","","KCAL_HAB","Kilocalories per capita","","","2007Q1_100","2007Q1=100","",""
"","","CZ03","Southwest","","","","","","","","","G_HAB","Grams per capita","","","2013_14","2013-14","",""
"","","CZ04","Northwest","","","","","","","","","BAR_DAY","Barrels per day","","","2011-12_100","2011-12=100","",""
"","","CZ05","Northeast","","","","","","","","","BAR","Barrels","","","2010M12_100","2010M12=100","",""
"","","CZ06","Southeast","","","","","","","","","KOE_HAB","Kilograms of oil equivalent per capita","","","1982-84_100","1982-84=100","",""
"","","CZ07","Central Moravia","","","","","","","","","MICRO_M3","Micrograms per cubic metre","","","1980_100","1980=100","",""
"","","CZ08","Moravia-Silesia","","","","","","","","","TONNE_1000USD","Tonnes per 1 000 US dollars","","","1993M12_100","1993M12=100","",""
"","","DNK","Denmark","","","","","","","","","GWH","Gigawatt hours","","","2000M12_100","2000M12=100","",""
"","","DK01","Capital (DK)","","","","","","","","","KG_1000USD","Kilograms per 1 000 US dollars","","","2006M12_100","2006M12=100","",""
"","","DK02","Zealand","","","","","","","","","MICRO_L","Micrograms per litre","","","2006Q2_100","2006Q2=100","",""
"","","DK03","Southern Denmark","","","","","","","","","MILLI_L","Milligrams per litre ","","","2008M12_100","2008M12=100","",""
"","","DK04","Central Jutland","","","","","","","","","T_CO2_EQVT","Tonnes of CO2 equivalent","","","2011M12_100","2011M12=100","",""
"","","DK05","Northern Jutland","","","","","","","","","4","PHYSICAL MEASURES","","","2012M12_100","2012M12=100","",""
"","","EST","Estonia","","","","","","","","","CAR","Carats","","","2015","2015","",""
"","","EE00","Estonia","","","","","","","","","CUR","Curies","","","2015_100","2015=100","",""
"","","FIN","Finland","","","","","","","","","KG","Kilograms","","","2015M12_100","2015M12=100","",""
"","","FI19","Western Finland","","","","","","","","","KG_HAB","Kilograms per capita","","","2015M06_100","2015M06=100","",""
"","","FI1B","Helsinki-Uusimaa","","","","","","","","","KM","Kilometres","","","LTAVG_100","Long-term average=100","",""
"","","FI1C","Southern Finland","","","","","","","","","KM2","Square kilometres","","","2014M12_100","2014M12=100","",""
"","","FI1D","Eastern and Northern Finland","","","","","","","","","HA","Hectares","","","2014_15","2014-15","",""
"","","FI20","Åland","","","","","","","","","KW","Kilowatts","","","2016M12_100","2016M12=100","",""
"","","FRA","France","","","","","","","","","KWH","Kilowatt hours","","","2016","2016","",""
"","","FR10","Ile de France","","","","","","","","","LT","Litres","","","2016_100","2016=100","",""
"","","FR21","Champagne-Ardenne","","","","","","","","","M2","Square metres","","","2015_16","2015-16","",""
"","","FR22","Picardy","","","","","","","","","M3","Cubic metres","","","2017","2017","",""
"","","FR23","Upper Normandy","","","","","","","","","M3CAP","Cubic metres per capita","","","2017_100","2017=100","",""
"","","FR24","Centre (FR)","","","","","","","","","METRE","Metres","","","2017M12_100","2017M12=100","",""
"","","FR25","Lower Normandy ","","","","","","","","","TWH","Terawatt hours","","","2011Q3_100","2011Q3=100","",""
"","","FR26","Burgundy","","","","","","","","","TONNE","Tonnes","","","2008M1_100","2008M1=100","",""
"","","FR30","Nord-Pas-de-Calais","","","","","","","","","TONNEKM","Tonnes-kilometres","","","2017Q2_100","2017Q2=100","",""
"","","FR41","Lorraine","","","","","","","","","TOE","Tonnes of oil equivalent (toe)","","","2013M12_100","2013M12=100","",""
"","","FR42","Alsace ","","","","","","","","","5","CURRENCIES","","","","","",""
"","","FR43","Franche-Comté","","","","","","","","","AED","Dirham from the United Arab Emirates","","","","","",""
"","","FR51","Pays de la Loire","","","","","","","","","AFA","Afghani (old)","","","","","",""
"","","FR52","Brittany","","","","","","","","","AFN","Afghani","","","","","",""
"","","FR53","Poitou-Charentes","","","","","","","","","ALL","Lek","","","","","",""
"","","FR61","Aquitaine","","","","","","","","","AMD","Armenian Dram","","","","","",""
"","","FR62","Midi-Pyrénées","","","","","","","","","ANG","Netherlands Antillian Guilder","","","","","",""
"","","FR63","Limousin","","","","","","","","","AOA","Kwanza","","","","","",""
"","","FR71","Rhône-Alpes","","","","","","","","","ARS","Argentine Peso","","","","","",""
"","","FR72","Auvergne","","","","","","","","","ATS","Austrian Schilling","","","","","",""
"","","FR81","Languedoc-Roussillon ","","","","","","","","","AUD","Australian Dollar","","","","","",""
"","","FR82","Provence-Alpes-Côte d'Azur","","","","","","","","","AWG","Aruban Guilder","","","","","",""
"","","FR83","Corsica","","","","","","","","","AZM","Azerbaijanian Manat (old)","","","","","",""
"","","DEU","Germany","","","","","","","","","AZN","Azerbaijanian Manat","","","","","",""
"","","DE1","Baden-Württemberg ","","","","","","","","","BAM","Convertible Marks","","","","","",""
"","","DE2","Bavaria","","","","","","","","","BBD","Barbados Dollar","","","","","",""
"","","DE3","Berlin","","","","","","","","","BDT","Taka","","","","","",""
"","","DE4","Brandenburg","","","","","","","","","BEF","Belgian Franc","","","","","",""
"","","DE5","Bremen ","","","","","","","","","BGN","Bulgarian Lev","","","","","",""
"","","DE6","Hamburg","","","","","","","","","BHD","Bahraini Dinar","","","","","",""
"","","DE7","Hesse","","","","","","","","","BIF","Burundi Franc","","","","","",""
"","","DE8","Mecklenburg-Vorpommern","","","","","","","","","BMD","Bermudian Dollar","","","","","",""
"","","DE9","Lower Saxony ","","","","","","","","","BND","Brunei Dollar","","","","","",""
"","","DEA","North Rhine-Westphalia","","","","","","","","","BOB","Boliviano","","","","","",""
"","","DEB","Rhineland-Palatinate","","","","","","","","","BOV","Mvdol","","","","","",""
"","","DEC","Saarland","","","","","","","","","BRL","Brazilian Real","","","","","",""
"","","DED","Saxony","","","","","","","","","BSD","Bahamian Dollar","","","","","",""
"","","DEE","Saxony-Anhalt","","","","","","","","","BTN","Ngultrum","","","","","",""
"","","DEF","Schleswig-Holstein","","","","","","","","","BWP","Pula","","","","","",""
"","","DEG","Thuringia","","","","","","","","","BYR","Belarussian Ruble","","","","","",""
"","","GRC","Greece","","","","","","","","","BZD","Belize Dollar","","","","","",""
"","","GR1","Northern Greece","","","","","","","","","CAD","Canadian Dollar","","","","","",""
"","","GR2","Central Greece","","","","","","","","","CDF","Congolese franc","","","","","",""
"","","GR3","Athens","","","","","","","","","CFA","CFA Franc","","","","","",""
"","","GR4","Aegean Islands and Crete","","","","","","","","","CHE","WIR Euro","","","","","",""
"","","HUN","Hungary","","","","","","","","","CHF","Swiss Franc","","","","","",""
"","","HU1","Central Hungary","","","","","","","","","CHW","WIR Franc","","","","","",""
"","","HU10","Central Hungary","","","","","","","","","CLF","Unidad de formento (UF)","","","","","",""
"","","HU2","Transdanubia","","","","","","","","","CLP","Chilean Peso","","","","","",""
"","","HU21","Central Transdanubia","","","","","","","","","CNY","Yuan Renminbi","","","","","",""
"","","HU22","Western Transdanubia","","","","","","","","","COP","Colombian Peso","","","","","",""
"","","HU23","Southern Transdanubia","","","","","","","","","COU","Unidad de valor real","","","","","",""
"","","HU3","Great Plain and North","","","","","","","","","CRC","Costa Rican Colon","","","","","",""
"","","HU31","Northern Hungary","","","","","","","","","CSD","Dinar of Serbia and Montenegro","","","","","",""
"","","HU32","Northern Great Plain","","","","","","","","","CUP","Cuban Peso","","","","","",""
"","","HU33","Southern Great Plain","","","","","","","","","CVE","Cape Verde Escudo","","","","","",""
"","","ISL","Iceland","","","","","","","","","CYP","Cyprus Pound","","","","","",""
"","","IS01","Capital Region","","","","","","","","","CZK","Czech Koruna","","","","","",""
"","","IS02","Other Regions","","","","","","","","","DEM","German Mark","","","","","",""
"","","IRL","Ireland","","","","","","","","","DJF","Djibouti Franc","","","","","",""
"","","IE01","Border, Midland and Western","","","","","","","","","DKK","Danish Krone","","","","","",""
"","","IE02","Southern and Eastern","","","","","","","","","DOP","Dominican Peso","","","","","",""
"","","ISR","Israel","","","","","","","","","DZD","Algerian Dinar","","","","","",""
"","","IL01","Jerusalem District","","","","","","","","","ECV","Unidad de Valor Constante","","","","","",""
"","","IL02","Northern District","","","","","","","","","EEK","Kroon","","","","","",""
"","","IL03","Haifa District","","","","","","","","","EGP","Egyptian Pound","","","","","",""
"","","IL04","Central District","","","","","","","","","ERN","Nakfa","","","","","",""
"","","IL05","Tel Aviv District","","","","","","","","","ESP","Spanish Peseta","","","","","",""
"","","IL06","Southern District","","","","","","","","","ETB","Ethiopian Birr","","","","","",""
"","","ITA","Italy","","","","","","","","","EUR","Euro","","","","","",""
"","","ITC1","Piedmont","","","","","","","","","FIM","Finnish Markka","","","","","",""
"","","ITC2","Aosta Valley","","","","","","","","","FJD","Fiji Dollar","","","","","",""
"","","ITC3","Liguria","","","","","","","","","FKP","Falkland Islands Pound","","","","","",""
"","","ITC4","Lombardy","","","","","","","","","FRF","French Franc","","","","","",""
"","","ITF1","Abruzzo","","","","","","","","","GBP","Pound Sterling","","","","","",""
"","","ITF2","Molise","","","","","","","","","GEL","Lari","","","","","",""
"","","ITF3","Campania","","","","","","","","","GHC","Ghana Cedi (old)","","","","","",""
"","","ITF4","Apulia","","","","","","","","","GHS","Ghana Cedi","","","","","",""
"","","ITF5","Basilicata ","","","","","","","","","GIP","Gibraltar Pound","","","","","",""
"","","ITF6","Calabria","","","","","","","","","GMD","Dalasi","","","","","",""
"","","ITG1","Sicily","","","","","","","","","GNF","Guinea Franc","","","","","",""
"","","ITG2","Sardinia","","","","","","","","","GRD","Greek Drachma","","","","","",""
"","","ITH1","Province of Bolzano-Bozen","","","","","","","","","GTQ","Quetzal","","","","","",""
"","","ITH2","Province of Trento","","","","","","","","","GWP","Guinea-Bissau Peso","","","","","",""
"","","ITH3","Veneto","","","","","","","","","GYD","Guyana Dollar","","","","","",""
"","","ITH4","Friuli-Venezia Giulia","","","","","","","","","HKD","Hong Kong Dollar","","","","","",""
"","","ITH5","Emilia–Romagna","","","","","","","","","HNL","Lempira","","","","","",""
"","","ITI1","Tuscany","","","","","","","","","HRK","Croatian Kuna","","","","","",""
"","","ITI2","Umbria","","","","","","","","","HTG","Gourde","","","","","",""
"","","ITI3","Marche","","","","","","","","","HUF","Forint","","","","","",""
"","","ITI4","Lazio","","","","","","","","","IDR","Rupiah","","","","","",""
"","","JPN","Japan","","","","","","","","","IEP","Irish Pound","","","","","",""
"","","JPA","Hokkaido","","","","","","","","","ILS","New Israeli Sheqel","","","","","",""
"","","JPB","Tohoku","","","","","","","","","INR","Indian Rupee","","","","","",""
"","","JPC","Northern-Kanto, Koshin","","","","","","","","","IQD","Iraqi Dinar","","","","","",""
"","","JPD","Southern-Kanto","","","","","","","","","IRR","Iranian Rial","","","","","",""
"","","JPE","Hokuriku","","","","","","","","","ISK","Iceland Krona","","","","","",""
"","","JPF","Toukai","","","","","","","","","ITL","Italian Lira","","","","","",""
"","","JPG","Kansai region","","","","","","","","","JMD","Jamaican Dollar","","","","","",""
"","","JPH","Chugoku","","","","","","","","","JOD","Jordanian Dinar","","","","","",""
"","","JPI","Shikoku","","","","","","","","","JPY","Yen","","","","","",""
"","","JPJ","Kyushu, Okinawa","","","","","","","","","KES","Kenyan Shilling","","","","","",""
"","","KOR","Korea","","","","","","","","","KGS","Som","","","","","",""
"","","KR01","Capital Region (KR)","","","","","","","","","KHR","Riel","","","","","",""
"","","KR02","Gyeongnam Region","","","","","","","","","KMF","Comoro Franc","","","","","",""
"","","KR03","Gyeonbuk Region","","","","","","","","","KPW","North Korean Won","","","","","",""
"","","KR04","Jeolla Region","","","","","","","","","KRW","Won","","","","","",""
"","","KR05","Chungcheong Region","","","","","","","","","KWD","Kuwaiti Dinar","","","","","",""
"","","KR06","Gangwon Region","","","","","","","","","KYD","Cayman Islands Dollar","","","","","",""
"","","KR07","Jeju","","","","","","","","","KZT","Tenge","","","","","",""
"","","LUX","Luxembourg","","","","","","","","","LAK","Kip","","","","","",""
"","","LU00","Luxembourg","","","","","","","","","LBP","Lebanese Pound","","","","","",""
"","","MEX","Mexico","","","","","","","","","LKR","Sri Lanka Rupee","","","","","",""
"","","ME01","Aguascalientes","","","","","","","","","LRD","Liberian Dollar","","","","","",""
"","","ME02","Baja California Norte","","","","","","","","","LSL","Loti","","","","","",""
"","","ME03","Baja California Sur","","","","","","","","","LTL","Lithuanian Litas","","","","","",""
"","","ME04","Campeche","","","","","","","","","LUF","Luxembourg Franc","","","","","",""
"","","ME05","Coahuila","","","","","","","","","LVL","Latvian Lats","","","","","",""
"","","ME06","Colima","","","","","","","","","LYD","Libyan Dinar","","","","","",""
"","","ME07","Chiapas","","","","","","","","","MAD","Moroccan Dirham","","","","","",""
"","","ME08","Chihuahua","","","","","","","","","MDL","Moldovan Leu","","","","","",""
"","","ME09","Federal District (MX)","","","","","","","","","MGA","Malagasy Ariary","","","","","",""
"","","ME10","Durango","","","","","","","","","MGF","Malagasy Franc","","","","","",""
"","","ME11","Guanajuato","","","","","","","","","MKD","Denar","","","","","",""
"","","ME12","Guerrero","","","","","","","","","MMK","Kyat","","","","","",""
"","","ME13","Hidalgo","","","","","","","","","MNT","Tugrik","","","","","",""
"","","ME14","Jalisco","","","","","","","","","MOP","Pataca","","","","","",""
"","","ME15","Mexico","","","","","","","","","MRO","Ouguiya","","","","","",""
"","","ME16","Michoacan","","","","","","","","","MTL","Maltese Lira","","","","","",""
"","","ME17","Morelos","","","","","","","","","MUR","Mauritius Rupee","","","","","",""
"","","ME18","Nayarit","","","","","","","","","MVR","Rufiyaa","","","","","",""
"","","ME19","Nuevo Leon","","","","","","","","","MWK","Kwacha","","","","","",""
"","","ME20","Oaxaca","","","","","","","","","MXN","Mexican Peso","","","","","",""
"","","ME21","Puebla","","","","","","","","","MXP","Mexican peso (old)","","","","","",""
"","","ME22","Queretaro","","","","","","","","","MXV","Mexican Unidad de Inversion (UDI)","","","","","",""
"","","ME23","Quintana Roo","","","","","","","","","MYR","Malaysian Ringgit","","","","","",""
"","","ME24","San Luis Potosi","","","","","","","","","MZM","Metical (old)","","","","","",""
"","","ME25","Sinaloa","","","","","","","","","MZN","Metical","","","","","",""
"","","ME26","Sonora","","","","","","","","","NAD","Namibia Dollar","","","","","",""
"","","ME27","Tabasco","","","","","","","","","NGN","Naira","","","","","",""
"","","ME28","Tamaulipas","","","","","","","","","NIO","Cordoba Oro","","","","","",""
"","","ME29","Tlaxcala","","","","","","","","","NLG","Netherlands Guilder","","","","","",""
"","","ME30","Veracruz","","","","","","","","","NOK","Norwegian Krone","","","","","",""
"","","ME31","Yucatan","","","","","","","","","NPR","Nepalese Rupee","","","","","",""
"","","ME32","Zacatecas","","","","","","","","","NZD","New Zealand Dollar","","","","","",""
"","","NLD","Netherlands","","","","","","","","","OMR","Rial Omani","","","","","",""
"","","NZL","New Zealand","","","","","","","","","PAB","Balboa","","","","","",""
"","","NZ01","North Island (NZ)","","","","","","","","","PEN","Nuevo Sol","","","","","",""
"","","NZ02","South Island (NZ)","","","","","","","","","PGK","Kina","","","","","",""
"","","NOR","Norway","","","","","","","","","PHP","Philippine Peso","","","","","",""
"","","NO01","Oslo and Akershus","","","","","","","","","PKR","Pakistan Rupee","","","","","",""
"","","NO02","Hedmark and Oppland","","","","","","","","","PLN","Zloty","","","","","",""
"","","NO03","South-Eastern Norway","","","","","","","","","PTE","Portugese Escudo","","","","","",""
"","","NO04","Agder and Rogaland","","","","","","","","","PYG","Guarani","","","","","",""
"","","NO05","Western Norway","","","","","","","","","QAR","Qatari Rial","","","","","",""
"","","NO06","Trøndelag","","","","","","","","","ROL","Romanian Leu (old)","","","","","",""
"","","NO07","Northern Norway","","","","","","","","","RON","Romanian Leu","","","","","",""
"","","POL","Poland","","","","","","","","","RSD","Serbian Dinar","","","","","",""
"","","PL1","Central region","","","","","","","","","RUB","Russian Ruble","","","","","",""
"","","PL11","Lodzkie","","","","","","","","","RWF","Rwanda Franc","","","","","",""
"","","PL12","Mazovia","","","","","","","","","SAR","Saudi Riyal","","","","","",""
"","","PL2","South region","","","","","","","","","SBD","Solomon Islands Dollar","","","","","",""
"","","PL21","Lesser Poland ","","","","","","","","","SCR","Seychelles Rupee","","","","","",""
"","","PL22","Silesia","","","","","","","","","SDD","Sudanese Dinar","","","","","",""
"","","PL3","East region","","","","","","","","","SDG","Sudanese Pound","","","","","",""
"","","PL31","Lublin Province ","","","","","","","","","SEK","Swedish Krona","","","","","",""
"","","PL32","Podkarpacia","","","","","","","","","SGD","Singapore Dollar","","","","","",""
"","","PL33","Swietokrzyskie","","","","","","","","","SHP","Saint Helena Pound","","","","","",""
"","","PL34","Podlasie","","","","","","","","","SIT","Slovenian Tolar","","","","","",""
"","","PL4","Northeast West region","","","","","","","","","SKK","Slovak Koruna","","","","","",""
"","","PL41","Greater Poland","","","","","","","","","SLL","Leone","","","","","",""
"","","PL42","West Pomerania","","","","","","","","","SOS","Somali Shilling","","","","","",""
"","","PL43","Lubusz","","","","","","","","","SRD","Surinam Dollar","","","","","",""
"","","PL5","South-West region","","","","","","","","","SSP","South-Sudanese Pound","","","","","",""
"","","PL51","Lower Silesia ","","","","","","","","","STD","Dobra","","","","","",""
"","","PL52","Opole region","","","","","","","","","SVC","El Salvador Colon","","","","","",""
"","","PL6","North region","","","","","","","","","SYP","Syrian Pound","","","","","",""
"","","PL61","Kuyavian-Pomerania","","","","","","","","","SZL","Lilangeni","","","","","",""
"","","PL62","Warmian-Masuria","","","","","","","","","THB","Baht","","","","","",""
"","","PL63","Pomerania","","","","","","","","","TJS","Somoni","","","","","",""
"","","PRT","Portugal","","","","","","","","","TMM","Turkmen Manat (old)","","","","","",""
"","","PT11","North (PT)","","","","","","","","","TMT","Turkmen Manat","","","","","",""
"","","PT15","Algarve","","","","","","","","","TND","Tunisian Dinar","","","","","",""
"","","PT16","Central Portugal","","","","","","","","","TOP","Pa'anga","","","","","",""
"","","PT17","Lisbon","","","","","","","","","TRL","Turkish Lira (old)","","","","","",""
"","","PT18","Alentejo","","","","","","","","","TRY","Turkish Lira","","","","","",""
"","","PT20","Azores (PT)","","","","","","","","","TTD","Trinidad and Tobago Dollar","","","","","",""
"","","PT30","Madeira (PT)","","","","","","","","","TWD","New Taiwan Dollar","","","","","",""
"","","SVK","Slovak Republic","","","","","","","","","TZS","Tanzanian Shilling","","","","","",""
"","","SK01","Bratislava Region","","","","","","","","","UAH","Hryvnia","","","","","",""
"","","SK02","West Slovakia","","","","","","","","","UGX","Uganda Shilling","","","","","",""
"","","SK03","Central Slovakia","","","","","","","","","USD","US Dollar","","","","","",""
"","","SK04","East Slovakia","","","","","","","","","USN","Dollar (Next day)","","","","","",""
"","","SVN","Slovenia","","","","","","","","","USS","Dollar (Same day)","","","","","",""
"","","SI01","Eastern Slovenia","","","","","","","","","UYI","Uruguay Peso en Unidades Indexadas","","","","","",""
"","","SI02","Western Slovenia","","","","","","","","","UYU","Peso Uruguayo","","","","","",""
"","","ESP","Spain","","","","","","","","","UZS","Uzbekistan Sum","","","","","",""
"","","ES11","Galicia","","","","","","","","","VEB","Bolivar (old)","","","","","",""
"","","ES12","Asturias","","","","","","","","","VEF","Bolivar fuerte","","","","","",""
"","","ES13","Cantabria","","","","","","","","","VND","Dong","","","","","",""
"","","ES21","Basque Country","","","","","","","","","VUV","Vatu","","","","","",""
"","","ES22","Navarra","","","","","","","","","WST","Tala","","","","","",""
"","","ES23","La Rioja","","","","","","","","","XAF","CFA Franc - BEAC","","","","","",""
"","","ES24","Aragon","","","","","","","","","XAG","Silver","","","","","",""
"","","ES30","Madrid","","","","","","","","","XAU","Gold","","","","","",""
"","","ES41","Castile and León","","","","","","","","","XBA","Bond Markets Units European Composite Unit (EURCO)","","","","","",""
"","","ES42","Castile-La Mancha","","","","","","","","","XBB","European Monetary Unit (E.M.U.-6)","","","","","",""
"","","ES43","Extremadura","","","","","","","","","XBC","European Unit of Account 9 (E.U.A.-9)","","","","","",""
"","","ES51","Catalonia","","","","","","","","","XBD","European Unit of Account 17 (E.U.A.-17)","","","","","",""
"","","ES52","Valencia","","","","","","","","","XCD","East Caribbean Dollar","","","","","",""
"","","ES53","Balearic Islands","","","","","","","","","XDR","Special Drawing Rights","","","","","",""
"","","ES61","Andalusia","","","","","","","","","XEU","European Currency Unit (ECU)","","","","","",""
"","","ES62","Murcia","","","","","","","","","XFO","Gold-Franc","","","","","",""
"","","ES63","Ceuta ","","","","","","","","","XFU","UIC-Franc","","","","","",""
"","","ES64","Melilla","","","","","","","","","XOF","CFA Franc - BCEAO","","","","","",""
"","","ES70","Canary Islands","","","","","","","","","XPD","Palladium","","","","","",""
"","","SWE","Sweden","","","","","","","","","XPF","CFP Franc","","","","","",""
"","","SE11","Stockholm","","","","","","","","","XPT","Platinum","","","","","",""
"","","SE12","East Middle Sweden","","","","","","","","","XTS","Code specifically reserved for testing purposes","","","","","",""
"","","SE21","Småland with Islands","","","","","","","","","XXX","Transactions whithout currency","","","","","",""
"","","SE22","South Sweden","","","","","","","","","YER","Yemeni Rial","","","","","",""
"","","SE23","West Sweden","","","","","","","","","ZAR","Rand","","","","","",""
"","","SE31","North Middle Sweden","","","","","","","","","ZMK","Kwacha (old)","","","","","",""
"","","SE32","Central Norrland","","","","","","","","","ZMW","Kwacha","","","","","",""
"","","SE33","Upper Norrland","","","","","","","","","ZWD","Zimbabwe Dollar (before Sept.2008)","","","","","",""
"","","CHE","Switzerland","","","","","","","","","ZWL","Zimbabwe Dollar (before Feb.2009)","","","","","",""
"","","CH01","Lake Geneva Region","","","","","","","","","ZWR","Zimbabwe Dollar","","","","","",""
"","","CH02","Espace Mittelland","","","","","","","","","NATCUR","National currency","","","","","",""
"","","CH03","Northwestern Switzerland ","","","","","","","","","SUBS","Subscriptions","","","","","",""
"","","CH04","Zurich","","","","","","","","","","","","","","","",""
"","","CH05","Eastern Switzerland","","","","","","","","","","","","","","","",""
"","","CH06","Central Switzerland","","","","","","","","","","","","","","","",""
"","","CH07","Ticino","","","","","","","","","","","","","","","",""
"","","TUR","Turkey","","","","","","","","","","","","","","","",""
"","","TR10","Istanbul","","","","","","","","","","","","","","","",""
"","","TR21","Thrace","","","","","","","","","","","","","","","",""
"","","TR22","Southern Marmara - West","","","","","","","","","","","","","","","",""
"","","TR31","Izmir","","","","","","","","","","","","","","","",""
"","","TR32","Southern Aegean","","","","","","","","","","","","","","","",""
"","","TR33","Northern Aegean","","","","","","","","","","","","","","","",""
"","","TR41","Eastern Marmara - South ","","","","","","","","","","","","","","","",""
"","","TR42","Eastern Marmara - North","","","","","","","","","","","","","","","",""
"","","TR51","Ankara","","","","","","","","","","","","","","","",""
"","","TR52","Central Anatolia - West and South","","","","","","","","","","","","","","","",""
"","","TR61","Mediterranean region - West","","","","","","","","","","","","","","","",""
"","","TR62","Mediterranean region - Middle","","","","","","","","","","","","","","","",""
"","","TR63","Mediterranean region - East ","","","","","","","","","","","","","","","",""
"","","TR71","Central Anatolia - Middle","","","","","","","","","","","","","","","",""
"","","TR72","Central Anatolia - East","","","","","","","","","","","","","","","",""
"","","TR81","Western Black Sea - West","","","","","","","","","","","","","","","",""
"","","TR82","Western Black Sea - Middle and East","","","","","","","","","","","","","","","",""
"","","TR83","Middle Black Sea","","","","","","","","","","","","","","","",""
"","","TR90","Eastern Black Sea","","","","","","","","","","","","","","","",""
"","","TRA1","Northeastern Anatolia - West","","","","","","","","","","","","","","","",""
"","","TRA2","Northeastern Anatolia - East","","","","","","","","","","","","","","","",""
"","","TRB1","Eastern Anatolia - West","","","","","","","","","","","","","","","",""
"","","TRB2","Eastern Anatolia - East","","","","","","","","","","","","","","","",""
"","","TRC1","Southeastern Anatolia - West ","","","","","","","","","","","","","","","",""
"","","TRC2","Southeastern Anatolia - Middle","","","","","","","","","","","","","","","",""
"","","TRC3","Southeastern Anatolia - East","","","","","","","","","","","","","","","",""
"","","GBR","United Kingdom","","","","","","","","","","","","","","","",""
"","","UKC","North East England","","","","","","","","","","","","","","","",""
"","","UKD","North West England","","","","","","","","","","","","","","","",""
"","","UKE","Yorkshire and The Humber","","","","","","","","","","","","","","","",""
"","","UKF","East Midlands","","","","","","","","","","","","","","","",""
"","","UKG","West Midlands","","","","","","","","","","","","","","","",""
"","","UKH","East of England","","","","","","","","","","","","","","","",""
"","","UKI","Greater London","","","","","","","","","","","","","","","",""
"","","UKJ","South East England","","","","","","","","","","","","","","","",""
"","","UKK","South West England","","","","","","","","","","","","","","","",""
"","","UKL","Wales","","","","","","","","","","","","","","","",""
"","","UKM","Scotland","","","","","","","","","","","","","","","",""
"","","UKN","Northern Ireland","","","","","","","","","","","","","","","",""
"","","USA","United States","","","","","","","","","","","","","","","",""
"","","US01","Alabama","","","","","","","","","","","","","","","",""
"","","US02","Alaska","","","","","","","","","","","","","","","",""
"","","US04","Arizona","","","","","","","","","","","","","","","",""
"","","US05","Arkansas","","","","","","","","","","","","","","","",""
"","","US06","California","","","","","","","","","","","","","","","",""
"","","US08","Colorado","","","","","","","","","","","","","","","",""
"","","US09","Connecticut","","","","","","","","","","","","","","","",""
"","","US10","Delaware","","","","","","","","","","","","","","","",""
"","","US11","District of Columbia","","","","","","","","","","","","","","","",""
"","","US12","Florida","","","","","","","","","","","","","","","",""
"","","US13","Georgia","","","","","","","","","","","","","","","",""
"","","US15","Hawaii","","","","","","","","","","","","","","","",""
"","","US16","Idaho","","","","","","","","","","","","","","","",""
"","","US17","Illinois","","","","","","","","","","","","","","","",""
"","","US18","Indiana","","","","","","","","","","","","","","","",""
"","","US19","Iowa","","","","","","","","","","","","","","","",""
"","","US20","Kansas","","","","","","","","","","","","","","","",""
"","","US21","Kentucky","","","","","","","","","","","","","","","",""
"","","US22","Louisiana","","","","","","","","","","","","","","","",""
"","","US23","Maine","","","","","","","","","","","","","","","",""
"","","US24","Maryland","","","","","","","","","","","","","","","",""
"","","US25","Massachusetts","","","","","","","","","","","","","","","",""
"","","US26","Michigan","","","","","","","","","","","","","","","",""
"","","US27","Minnesota","","","","","","","","","","","","","","","",""
"","","US28","Mississippi","","","","","","","","","","","","","","","",""
"","","US29","Missouri","","","","","","","","","","","","","","","",""
"","","US30","Montana (US)","","","","","","","","","","","","","","","",""
"","","US31","Nebraska","","","","","","","","","","","","","","","",""
"","","US32","Nevada","","","","","","","","","","","","","","","",""
"","","US33","New Hampshire","","","","","","","","","","","","","","","",""
"","","US34","New Jersey","","","","","","","","","","","","","","","",""
"","","US35","New Mexico","","","","","","","","","","","","","","","",""
"","","US36","New York","","","","","","","","","","","","","","","",""
"","","US37","North Carolina","","","","","","","","","","","","","","","",""
"","","US38","North Dakota","","","","","","","","","","","","","","","",""
"","","US39","Ohio","","","","","","","","","","","","","","","",""
"","","US40","Oklahoma","","","","","","","","","","","","","","","",""
"","","US41","Oregon","","","","","","","","","","","","","","","",""
"","","US42","Pennsylvania","","","","","","","","","","","","","","","",""
"","","US44","Rhode Island","","","","","","","","","","","","","","","",""
"","","US45","South Carolina","","","","","","","","","","","","","","","",""
"","","US46","South Dakota","","","","","","","","","","","","","","","",""
"","","US47","Tennessee","","","","","","","","","","","","","","","",""
"","","US48","Texas","","","","","","","","","","","","","","","",""
"","","US49","Utah","","","","","","","","","","","","","","","",""
"","","US50","Vermont","","","","","","","","","","","","","","","",""
"","","US51","Virginia","","","","","","","","","","","","","","","",""
"","","US53","Washington","","","","","","","","","","","","","","","",""
"","","US54","West Virginia","","","","","","","","","","","","","","","",""
"","","US55","Wisconsin","","","","","","","","","","","","","","","",""
"","","US56","Wyoming","","","","","","","","","","","","","","","",""
"","","EE001","North Estonia","","","","","","","","","","","","","","","",""
"","","EE004","West Estonia","","","","","","","","","","","","","","","",""
"","","EE006","Central Estonia","","","","","","","","","","","","","","","",""
"","","EE007","Northeast Estonia","","","","","","","","","","","","","","","",""
"","","EE008","Southern Estonia","","","","","","","","","","","","","","","",""
"","","GR11","Anatoliki Makedonia - Thraki","","","","","","","","","","","","","","","",""
"","","GR12","Kentriki Makedonia","","","","","","","","","","","","","","","",""
"","","GR13","Dytiki Makedonia","","","","","","","","","","","","","","","",""
"","","GR14","Thessalia","","","","","","","","","","","","","","","",""
"","","GR21","Ipeiros","","","","","","","","","","","","","","","",""
"","","GR22","Ionia Nisia","","","","","","","","","","","","","","","",""
"","","GR23","Dytiki Ellada","","","","","","","","","","","","","","","",""
"","","GR24","Sterea Ellada","","","","","","","","","","","","","","","",""
"","","GR25","Peloponnisos","","","","","","","","","","","","","","","",""
"","","GR30","Attiki","","","","","","","","","","","","","","","",""
"","","GR41","Voreio Aigaio","","","","","","","","","","","","","","","",""
"","","GR42","Notio Aigaio","","","","","","","","","","","","","","","",""
"","","GR43","Kriti","","","","","","","","","","","","","","","",""
"","","NL11","Groningen","","","","","","","","","","","","","","","",""
"","","NL1","North Netherlands","","","","","","","","","","","","","","","",""
"","","NL12","Friesland","","","","","","","","","","","","","","","",""
"","","NL13","Drenthe","","","","","","","","","","","","","","","",""
"","","NL21","Overijssel","","","","","","","","","","","","","","","",""
"","","NL2","East Netherlands","","","","","","","","","","","","","","","",""
"","","NL22","Gelderland","","","","","","","","","","","","","","","",""
"","","NL23","Flevoland","","","","","","","","","","","","","","","",""
"","","NL31","Utrecht","","","","","","","","","","","","","","","",""
"","","NL3","West Netherlands","","","","","","","","","","","","","","","",""
"","","NL32","Noord-Holland","","","","","","","","","","","","","","","",""
"","","NL33","Zuid-Holland","","","","","","","","","","","","","","","",""
"","","NL34","Zeeland","","","","","","","","","","","","","","","",""
"","","NL41","Noord-Brabant","","","","","","","","","","","","","","","",""
"","","NL4","South Netherlands","","","","","","","","","","","","","","","",""
"","","NL42","Limburg (NL)","","","","","","","","","","","","","","","",""
"","","NZ011","Northland Region","","","","","","","","","","","","","","","",""
"","","NZ012","Auckland Region","","","","","","","","","","","","","","","",""
"","","NZ013","Waikato Region","","","","","","","","","","","","","","","",""
"","","NZ014","Bay of Plenty Region","","","","","","","","","","","","","","","",""
"","","NZ015","Gisborne Region","","","","","","","","","","","","","","","",""
"","","NZ016","Hawke's Bay Region","","","","","","","","","","","","","","","",""
"","","NZ017","Taranaki Region","","","","","","","","","","","","","","","",""
"","","NZ018","Manawatu-Wanganui Region","","","","","","","","","","","","","","","",""
"","","NZ019","Wellington Region","","","","","","","","","","","","","","","",""
"","","NZ021","Tasman-Nelson-Marlborough","","","","","","","","","","","","","","","",""
"","","NZ022","West Coast Region","","","","","","","","","","","","","","","",""
"","","NZ023","Canterbury Region","","","","","","","","","","","","","","","",""
"","","NZ024","Otago Region","","","","","","","","","","","","","","","",""
"","","NZ025","Southland Region","","","","","","","","","","","","","","","",""
