"METRO_ID","Metropolitan areas","VAR","Variables","TIME","Year","Unit Code","Unit","PowerCode Code","PowerCode","Reference Period Code","Reference Period","Value","Flag Codes","Flags"
"AT001","Vienna","EQU_HOU_DISP_INC","Equivalised household disposable income","2012","2012","USD","US Dollar","0","Units",,,31054,,
"AT001","Vienna","GINI_INC","Gini index","2012","2012","IDX","Index","0","Units",,,0.272,,
"AT002","Graz","EQU_HOU_DISP_INC","Equivalised household disposable income","2012","2012","USD","US Dollar","0","Units",,,32229,,
"AT002","Graz","GINI_INC","Gini index","2012","2012","IDX","Index","0","Units",,,0.274,,
"AT003","Linz","EQU_HOU_DISP_INC","Equivalised household disposable income","2012","2012","USD","US Dollar","0","Units",,,34048,,
"AT003","Linz","GINI_INC","Gini index","2012","2012","IDX","Index","0","Units",,,0.261,,
"BE001","Brussels","EQU_HOU_DISP_INC","Equivalised household disposable income","2013","2013","USD","US Dollar","0","Units",,,27533,,
"BE001","Brussels","GINI_INC","Gini index","2013","2013","IDX","Index","0","Units",,,0.374,,
"BE002","Antwerp","EQU_HOU_DISP_INC","Equivalised household disposable income","2013","2013","USD","US Dollar","0","Units",,,26831,,
"BE002","Antwerp","GINI_INC","Gini index","2013","2013","IDX","Index","0","Units",,,0.293,,
"BE003","Ghent","EQU_HOU_DISP_INC","Equivalised household disposable income","2013","2013","USD","US Dollar","0","Units",,,28164,,
"BE003","Ghent","GINI_INC","Gini index","2013","2013","IDX","Index","0","Units",,,0.291,,
"BE005","Liege","EQU_HOU_DISP_INC","Equivalised household disposable income","2013","2013","USD","US Dollar","0","Units",,,23732,,
"BE005","Liege","GINI_INC","Gini index","2013","2013","IDX","Index","0","Units",,,0.309,,
"CAN01","Edmonton","EQU_HOU_DISP_INC","Equivalised household disposable income","2013","2013","USD","US Dollar","0","Units",,,37509,,
"CAN01","Edmonton","GINI_INC","Gini index","2013","2013","IDX","Index","0","Units",,,0.376,,
"CAN04","Calgary","EQU_HOU_DISP_INC","Equivalised household disposable income","2013","2013","USD","US Dollar","0","Units",,,42253,,
"CAN04","Calgary","GINI_INC","Gini index","2013","2013","IDX","Index","0","Units",,,0.435,,
"CAN06","Winnipeg","EQU_HOU_DISP_INC","Equivalised household disposable income","2013","2013","USD","US Dollar","0","Units",,,28728,,
"CAN06","Winnipeg","GINI_INC","Gini index","2013","2013","IDX","Index","0","Units",,,0.351,,
"CAN09","Vancouver","EQU_HOU_DISP_INC","Equivalised household disposable income","2013","2013","USD","US Dollar","0","Units",,,31072,,
"CAN09","Vancouver","GINI_INC","Gini index","2013","2013","IDX","Index","0","Units",,,0.413,,
"CAN16","Quebec","EQU_HOU_DISP_INC","Equivalised household disposable income","2013","2013","USD","US Dollar","0","Units",,,28055,,
"CAN16","Quebec","GINI_INC","Gini index","2013","2013","IDX","Index","0","Units",,,0.287,,
"CAN20","Montreal","EQU_HOU_DISP_INC","Equivalised household disposable income","2013","2013","USD","US Dollar","0","Units",,,26494,,
"CAN20","Montreal","GINI_INC","Gini index","2013","2013","IDX","Index","0","Units",,,0.344,,
"CAN21","Ottawa-Gatineau","EQU_HOU_DISP_INC","Equivalised household disposable income","2013","2013","USD","US Dollar","0","Units",,,33325,,
"CAN21","Ottawa-Gatineau","GINI_INC","Gini index","2013","2013","IDX","Index","0","Units",,,0.344,,
"CAN26","Toronto","EQU_HOU_DISP_INC","Equivalised household disposable income","2013","2013","USD","US Dollar","0","Units",,,31827,,
"CAN26","Toronto","GINI_INC","Gini index","2013","2013","IDX","Index","0","Units",,,0.414,,
"CAN29","Hamilton","EQU_HOU_DISP_INC","Equivalised household disposable income","2013","2013","USD","US Dollar","0","Units",,,29536,,
"CAN29","Hamilton","GINI_INC","Gini index","2013","2013","IDX","Index","0","Units",,,0.346,,
"CL010","Valparaíso","EQU_HOU_DISP_INC","Equivalised household disposable income","2013","2013","USD","US Dollar","0","Units",,,12535,,
"CL010","Valparaíso","GINI_INC","Gini index","2013","2013","IDX","Index","0","Units",,,0.455,,
"CL011","Santiago","EQU_HOU_DISP_INC","Equivalised household disposable income","2013","2013","USD","US Dollar","0","Units",,,15011,,
"CL011","Santiago","GINI_INC","Gini index","2013","2013","IDX","Index","0","Units",,,0.478,,
"CL020","Concepción","EQU_HOU_DISP_INC","Equivalised household disposable income","2013","2013","USD","US Dollar","0","Units",,,10239,,
"CL020","Concepción","GINI_INC","Gini index","2013","2013","IDX","Index","0","Units",,,0.415,,
"DK001","Copenhagen","EQU_HOU_DISP_INC","Equivalised household disposable income","2014","2014","USD","US Dollar","0","Units",,,27562,,
"DK001","Copenhagen","GINI_INC","Gini index","2014","2014","IDX","Index","0","Units",,,0.283,,
"EE001","Tallinn","EQU_HOU_DISP_INC","Equivalised household disposable income","2014","2014","USD","US Dollar","0","Units",,,19730,,
"FI001","Helsinki","EQU_HOU_DISP_INC","Equivalised household disposable income","2014","2014","USD","US Dollar","0","Units",,,28360,,
"FR001","Paris","EQU_HOU_DISP_INC","Equivalised household disposable income","2011","2011","USD","US Dollar","0","Units",,,33867,,
"FR001","Paris","GINI_INC","Gini index","2011","2011","IDX","Index","0","Units",,,0.379,,
"FR003","Lyon","EQU_HOU_DISP_INC","Equivalised household disposable income","2011","2011","USD","US Dollar","0","Units",,,29056,,
"FR003","Lyon","GINI_INC","Gini index","2011","2011","IDX","Index","0","Units",,,0.358,,
"FR004","Toulouse","EQU_HOU_DISP_INC","Equivalised household disposable income","2011","2011","USD","US Dollar","0","Units",,,30718,,
"FR004","Toulouse","GINI_INC","Gini index","2011","2011","IDX","Index","0","Units",,,0.355,,
"FR006","Strasbourg","EQU_HOU_DISP_INC","Equivalised household disposable income","2011","2011","USD","US Dollar","0","Units",,,31031,,
"FR006","Strasbourg","GINI_INC","Gini index","2011","2011","IDX","Index","0","Units",,,0.35,,
"FR007","Bordeaux","EQU_HOU_DISP_INC","Equivalised household disposable income","2011","2011","USD","US Dollar","0","Units",,,30475,,
"FR007","Bordeaux","GINI_INC","Gini index","2011","2011","IDX","Index","0","Units",,,0.348,,
"FR008","Nantes","EQU_HOU_DISP_INC","Equivalised household disposable income","2011","2011","USD","US Dollar","0","Units",,,30539,,
"FR008","Nantes","GINI_INC","Gini index","2011","2011","IDX","Index","0","Units",,,0.344,,
"FR009","Lille","EQU_HOU_DISP_INC","Equivalised household disposable income","2011","2011","USD","US Dollar","0","Units",,,27829,,
"FR009","Lille","GINI_INC","Gini index","2011","2011","IDX","Index","0","Units",,,0.347,,
"FR010","Montpellier","EQU_HOU_DISP_INC","Equivalised household disposable income","2011","2011","USD","US Dollar","0","Units",,,28702,,
"FR010","Montpellier","GINI_INC","Gini index","2011","2011","IDX","Index","0","Units",,,0.353,,
"FR011","Saint-Étienne","EQU_HOU_DISP_INC","Equivalised household disposable income","2011","2011","USD","US Dollar","0","Units",,,24368,,
"FR011","Saint-Étienne","GINI_INC","Gini index","2011","2011","IDX","Index","0","Units",,,0.331,,
"FR013","Rennes","EQU_HOU_DISP_INC","Equivalised household disposable income","2011","2011","USD","US Dollar","0","Units",,,30787,,
"FR013","Rennes","GINI_INC","Gini index","2011","2011","IDX","Index","0","Units",,,0.346,,
"FR026","Grenoble","EQU_HOU_DISP_INC","Equivalised household disposable income","2011","2011","USD","US Dollar","0","Units",,,28652,,
"FR026","Grenoble","GINI_INC","Gini index","2011","2011","IDX","Index","0","Units",,,0.348,,
"FR032","Toulon","EQU_HOU_DISP_INC","Equivalised household disposable income","2011","2011","USD","US Dollar","0","Units",,,27002,,
"FR032","Toulon","GINI_INC","Gini index","2011","2011","IDX","Index","0","Units",,,0.333,,
"FR203","Marseille","EQU_HOU_DISP_INC","Equivalised household disposable income","2011","2011","USD","US Dollar","0","Units",,,27953,,
"FR203","Marseille","GINI_INC","Gini index","2011","2011","IDX","Index","0","Units",,,0.362,,
"FR205","Nice","EQU_HOU_DISP_INC","Equivalised household disposable income","2011","2011","USD","US Dollar","0","Units",,,29608,,
"FR205","Nice","GINI_INC","Gini index","2011","2011","IDX","Index","0","Units",,,0.357,,
"FR215","Rouen","EQU_HOU_DISP_INC","Equivalised household disposable income","2011","2011","USD","US Dollar","0","Units",,,26901,,
"FR215","Rouen","GINI_INC","Gini index","2011","2011","IDX","Index","0","Units",,,0.349,,
"HU001","Budapest","EQU_HOU_DISP_INC","Equivalised household disposable income","2013","2013","USD","US Dollar","0","Units",,,11464,,
"IT001","Rome","EQU_HOU_DISP_INC","Equivalised household disposable income","2013","2013","USD","US Dollar","0","Units",,,27188,,
"IT001","Rome","GINI_INC","Gini index","2013","2013","IDX","Index","0","Units",,,0.306,,
"IT002","Milan","EQU_HOU_DISP_INC","Equivalised household disposable income","2013","2013","USD","US Dollar","0","Units",,,31555,,
"IT002","Milan","GINI_INC","Gini index","2013","2013","IDX","Index","0","Units",,,0.314,,
"IT003","Naples","EQU_HOU_DISP_INC","Equivalised household disposable income","2013","2013","USD","US Dollar","0","Units",,,16938,,
"IT003","Naples","GINI_INC","Gini index","2013","2013","IDX","Index","0","Units",,,0.313,,
"IT004","Turin","EQU_HOU_DISP_INC","Equivalised household disposable income","2013","2013","USD","US Dollar","0","Units",,,27866,,
"IT004","Turin","GINI_INC","Gini index","2013","2013","IDX","Index","0","Units",,,0.32,,
"IT005","Palermo","EQU_HOU_DISP_INC","Equivalised household disposable income","2013","2013","USD","US Dollar","0","Units",,,17283,,
"IT005","Palermo","GINI_INC","Gini index","2013","2013","IDX","Index","0","Units",,,0.294,,
"IT006","Genova","EQU_HOU_DISP_INC","Equivalised household disposable income","2013","2013","USD","US Dollar","0","Units",,,27838,,
"IT006","Genova","GINI_INC","Gini index","2013","2013","IDX","Index","0","Units",,,0.304,,
"IT007","Florence","EQU_HOU_DISP_INC","Equivalised household disposable income","2013","2013","USD","US Dollar","0","Units",,,29586,,
"IT007","Florence","GINI_INC","Gini index","2013","2013","IDX","Index","0","Units",,,0.302,,
"IT008","Bari","EQU_HOU_DISP_INC","Equivalised household disposable income","2013","2013","USD","US Dollar","0","Units",,,23702,,
"IT008","Bari","GINI_INC","Gini index","2013","2013","IDX","Index","0","Units",,,0.324,,
"IT009","Bologna","EQU_HOU_DISP_INC","Equivalised household disposable income","2013","2013","USD","US Dollar","0","Units",,,33033,,
"IT009","Bologna","GINI_INC","Gini index","2013","2013","IDX","Index","0","Units",,,0.308,,
"IT010","Catania","EQU_HOU_DISP_INC","Equivalised household disposable income","2013","2013","USD","US Dollar","0","Units",,,17606,,
"IT010","Catania","GINI_INC","Gini index","2013","2013","IDX","Index","0","Units",,,0.285,,
"IT011","Venice","EQU_HOU_DISP_INC","Equivalised household disposable income","2013","2013","USD","US Dollar","0","Units",,,26758,,
"IT011","Venice","GINI_INC","Gini index","2013","2013","IDX","Index","0","Units",,,0.288,,
"JP003","Sapporo","EQU_HOU_DISP_INC","Equivalised household disposable income","2013","2013","USD","US Dollar","0","Units",,,22499,,
"JP013","Sendai","EQU_HOU_DISP_INC","Equivalised household disposable income","2013","2013","USD","US Dollar","0","Units",,,26154,,
"JP015","Niigata","EQU_HOU_DISP_INC","Equivalised household disposable income","2013","2013","USD","US Dollar","0","Units",,,23225,,
"JP020","Toyama","EQU_HOU_DISP_INC","Equivalised household disposable income","2013","2013","USD","US Dollar","0","Units",,,25828,,
"JP021","Nagano","EQU_HOU_DISP_INC","Equivalised household disposable income","2013","2013","USD","US Dollar","0","Units",,,23307,,
"JP023","Kanazawa","EQU_HOU_DISP_INC","Equivalised household disposable income","2013","2013","USD","US Dollar","0","Units",,,25841,,
"JP024","Utsunomiya","EQU_HOU_DISP_INC","Equivalised household disposable income","2013","2013","USD","US Dollar","0","Units",,,26117,,
"JP025","Maebashi","EQU_HOU_DISP_INC","Equivalised household disposable income","2013","2013","USD","US Dollar","0","Units",,,23835,,
"JP026","Mito","EQU_HOU_DISP_INC","Equivalised household disposable income","2013","2013","USD","US Dollar","0","Units",,,25119,,
"JP030","Tokyo","EQU_HOU_DISP_INC","Equivalised household disposable income","2013","2013","USD","US Dollar","0","Units",,,26351,,
"JP031","Kofu","EQU_HOU_DISP_INC","Equivalised household disposable income","2013","2013","USD","US Dollar","0","Units",,,22714,,
"JP034","Nagoya","EQU_HOU_DISP_INC","Equivalised household disposable income","2013","2013","USD","US Dollar","0","Units",,,26235,,
"JP036","Numazu","EQU_HOU_DISP_INC","Equivalised household disposable income","2013","2013","USD","US Dollar","0","Units",,,25673,,
"JP038","Osaka","EQU_HOU_DISP_INC","Equivalised household disposable income","2013","2013","USD","US Dollar","0","Units",,,23115,,
"JP039","Shizuoka","EQU_HOU_DISP_INC","Equivalised household disposable income","2013","2013","USD","US Dollar","0","Units",,,25045,,
"JP040","Anjo","EQU_HOU_DISP_INC","Equivalised household disposable income","2013","2013","USD","US Dollar","0","Units",,,28760,,
"JP042","Yokkaichi","EQU_HOU_DISP_INC","Equivalised household disposable income","2013","2013","USD","US Dollar","0","Units",,,24974,,
"JP046","Himeji","EQU_HOU_DISP_INC","Equivalised household disposable income","2013","2013","USD","US Dollar","0","Units",,,21267,,
"JP047","Toyohashi","EQU_HOU_DISP_INC","Equivalised household disposable income","2013","2013","USD","US Dollar","0","Units",,,24153,,
"JP048","Hamamatsu","EQU_HOU_DISP_INC","Equivalised household disposable income","2013","2013","USD","US Dollar","0","Units",,,24728,,
"JP050","Okayama","EQU_HOU_DISP_INC","Equivalised household disposable income","2013","2013","USD","US Dollar","0","Units",,,23854,,
"JP051","Kurashiki","EQU_HOU_DISP_INC","Equivalised household disposable income","2013","2013","USD","US Dollar","0","Units",,,22939,,
"JP052","Fukuyama","EQU_HOU_DISP_INC","Equivalised household disposable income","2013","2013","USD","US Dollar","0","Units",,,22485,,
"JP053","Hiroshima","EQU_HOU_DISP_INC","Equivalised household disposable income","2013","2013","USD","US Dollar","0","Units",,,26879,,
"JP054","Takamatsu","EQU_HOU_DISP_INC","Equivalised household disposable income","2013","2013","USD","US Dollar","0","Units",,,24084,,
"JP055","Wakayama","EQU_HOU_DISP_INC","Equivalised household disposable income","2013","2013","USD","US Dollar","0","Units",,,20723,,
"JP059","Tokushima","EQU_HOU_DISP_INC","Equivalised household disposable income","2013","2013","USD","US Dollar","0","Units",,,21475,,
"JP064","Kitakyushu","EQU_HOU_DISP_INC","Equivalised household disposable income","2013","2013","USD","US Dollar","0","Units",,,21321,,
"JP065","Matsuyama","EQU_HOU_DISP_INC","Equivalised household disposable income","2013","2013","USD","US Dollar","0","Units",,,22125,,
"JP066","Fukuoka","EQU_HOU_DISP_INC","Equivalised household disposable income","2013","2013","USD","US Dollar","0","Units",,,23835,,
"JP067","Kochi","EQU_HOU_DISP_INC","Equivalised household disposable income","2013","2013","USD","US Dollar","0","Units",,,20817,,
"JP071","Oita","EQU_HOU_DISP_INC","Equivalised household disposable income","2013","2013","USD","US Dollar","0","Units",,,21431,,
"JP074","Kumamoto","EQU_HOU_DISP_INC","Equivalised household disposable income","2013","2013","USD","US Dollar","0","Units",,,20629,,
"JP075","Nagasaki","EQU_HOU_DISP_INC","Equivalised household disposable income","2013","2013","USD","US Dollar","0","Units",,,20602,,
"JP077","Kagoshima","EQU_HOU_DISP_INC","Equivalised household disposable income","2013","2013","USD","US Dollar","0","Units",,,20349,,
"JP078","Naha","EQU_HOU_DISP_INC","Equivalised household disposable income","2013","2013","USD","US Dollar","0","Units",,,15648,,
"MEX01","Mexicali","EQU_HOU_DISP_INC","Equivalised household disposable income","2010","2010","USD","US Dollar","0","Units",,,8212,,
"MEX01","Mexicali","GINI_INC","Gini index","2010","2010","IDX","Index","0","Units",,,0.44,,
"MEX02","Tijuana","EQU_HOU_DISP_INC","Equivalised household disposable income","2010","2010","USD","US Dollar","0","Units",,,8328,,
"MEX02","Tijuana","GINI_INC","Gini index","2010","2010","IDX","Index","0","Units",,,0.44,,
"MEX19","Monterrey","EQU_HOU_DISP_INC","Equivalised household disposable income","2010","2010","USD","US Dollar","0","Units",,,9726,,
"MEX19","Monterrey","GINI_INC","Gini index","2010","2010","IDX","Index","0","Units",,,0.44,,
"MEX20","Torreón","EQU_HOU_DISP_INC","Equivalised household disposable income","2010","2010","USD","US Dollar","0","Units",,,6475,,
"MEX20","Torreón","GINI_INC","Gini index","2010","2010","IDX","Index","0","Units",,,0.45,,
"MEX29","San Luis Potosí","EQU_HOU_DISP_INC","Equivalised household disposable income","2010","2010","USD","US Dollar","0","Units",,,7160,,
"MEX29","San Luis Potosí","GINI_INC","Gini index","2010","2010","IDX","Index","0","Units",,,0.47,,
"MEX33","Benito Juárez","EQU_HOU_DISP_INC","Equivalised household disposable income","2010","2010","USD","US Dollar","0","Units",,,8203,,
"MEX33","Benito Juárez","GINI_INC","Gini index","2010","2010","IDX","Index","0","Units",,,0.45,,
"MEX35","Mérida","EQU_HOU_DISP_INC","Equivalised household disposable income","2010","2010","USD","US Dollar","0","Units",,,6956,,
"MEX35","Mérida","GINI_INC","Gini index","2010","2010","IDX","Index","0","Units",,,0.47,,
"MEX38","Irapuato","EQU_HOU_DISP_INC","Equivalised household disposable income","2010","2010","USD","US Dollar","0","Units",,,6567,,
"MEX38","Irapuato","GINI_INC","Gini index","2010","2010","IDX","Index","0","Units",,,0.46,,
"MEX59","Veracruz","EQU_HOU_DISP_INC","Equivalised household disposable income","2010","2010","USD","US Dollar","0","Units",,,8770,,
"MEX59","Veracruz","GINI_INC","Gini index","2010","2010","IDX","Index","0","Units",,,0.47,,
"MEX73","Oaxaca de Juárez","EQU_HOU_DISP_INC","Equivalised household disposable income","2010","2010","USD","US Dollar","0","Units",,,8029,,
"MEX73","Oaxaca de Juárez","GINI_INC","Gini index","2010","2010","IDX","Index","0","Units",,,0.49,,
"NL001","The Hague","EQU_HOU_DISP_INC","Equivalised household disposable income","2013","2013","USD","US Dollar","0","Units",,,29215,,
"NL002","Amsterdam","EQU_HOU_DISP_INC","Equivalised household disposable income","2013","2013","USD","US Dollar","0","Units",,,29775,,
"NL003","Rotterdam","EQU_HOU_DISP_INC","Equivalised household disposable income","2013","2013","USD","US Dollar","0","Units",,,28234,,
"NL004","Utrecht","EQU_HOU_DISP_INC","Equivalised household disposable income","2013","2013","USD","US Dollar","0","Units",,,29949,,
"NL005","Eindhoven","EQU_HOU_DISP_INC","Equivalised household disposable income","2013","2013","USD","US Dollar","0","Units",,,28933,,
"NO001","Oslo","EQU_HOU_DISP_INC","Equivalised household disposable income","2013","2013","USD","US Dollar","0","Units",,,41819,,
"NO001","Oslo","GINI_INC","Gini index","2013","2013","IDX","Index","0","Units",,,0.271,,
"SE001","Stockholm","EQU_HOU_DISP_INC","Equivalised household disposable income","2013","2013","USD","US Dollar","0","Units",,,33304,,
"SE001","Stockholm","GINI_INC","Gini index","2013","2013","IDX","Index","0","Units",,,0.309,,
"SE002","Gothenburg","EQU_HOU_DISP_INC","Equivalised household disposable income","2013","2013","USD","US Dollar","0","Units",,,29862,,
"SE002","Gothenburg","GINI_INC","Gini index","2013","2013","IDX","Index","0","Units",,,0.278,,
"SE003","Malmö","EQU_HOU_DISP_INC","Equivalised household disposable income","2013","2013","USD","US Dollar","0","Units",,,29007,,
"SE003","Malmö","GINI_INC","Gini index","2013","2013","IDX","Index","0","Units",,,0.316,,
"UK001","London","EQU_HOU_DISP_INC","Equivalised household disposable income","2012","2012","USD","US Dollar","0","Units",,,30573,,
"UK002","Birmingham (UK)","EQU_HOU_DISP_INC","Equivalised household disposable income","2012","2012","USD","US Dollar","0","Units",,,22746,,
"UK003","Leeds","EQU_HOU_DISP_INC","Equivalised household disposable income","2012","2012","USD","US Dollar","0","Units",,,23467,,
"UK004","Bradford","EQU_HOU_DISP_INC","Equivalised household disposable income","2012","2012","USD","US Dollar","0","Units",,,22612,,
"UK005","Liverpool","EQU_HOU_DISP_INC","Equivalised household disposable income","2012","2012","USD","US Dollar","0","Units",,,20751,,
"UK006","Manchester","EQU_HOU_DISP_INC","Equivalised household disposable income","2012","2012","USD","US Dollar","0","Units",,,22265,,
"UK007","Cardiff","EQU_HOU_DISP_INC","Equivalised household disposable income","2012","2012","USD","US Dollar","0","Units",,,24859,,
"UK008","Sheffield","EQU_HOU_DISP_INC","Equivalised household disposable income","2012","2012","USD","US Dollar","0","Units",,,22282,,
"UK009","Bristol","EQU_HOU_DISP_INC","Equivalised household disposable income","2012","2012","USD","US Dollar","0","Units",,,27630,,
"UK010","Newcastle","EQU_HOU_DISP_INC","Equivalised household disposable income","2012","2012","USD","US Dollar","0","Units",,,30532,,
"UK011","Leicester","EQU_HOU_DISP_INC","Equivalised household disposable income","2012","2012","USD","US Dollar","0","Units",,,23602,,
"UK017","Portsmouth","EQU_HOU_DISP_INC","Equivalised household disposable income","2012","2012","USD","US Dollar","0","Units",,,25994,,
"UK023","Nottingham","EQU_HOU_DISP_INC","Equivalised household disposable income","2012","2012","USD","US Dollar","0","Units",,,22851,,
"US003","Seattle","EQU_HOU_DISP_INC","Equivalised household disposable income","2014","2014","USD","US Dollar","0","Units",,,54007,,
"US003","Seattle","GINI_INC","Gini index","2014","2014","IDX","Index","0","Units",,,0.384,,
"US012","Portland","EQU_HOU_DISP_INC","Equivalised household disposable income","2014","2014","USD","US Dollar","0","Units",,,42012,,
"US012","Portland","GINI_INC","Gini index","2014","2014","IDX","Index","0","Units",,,0.353,,
"US014","Minneapolis","EQU_HOU_DISP_INC","Equivalised household disposable income","2014","2014","USD","US Dollar","0","Units",,,47901,,
"US014","Minneapolis","GINI_INC","Gini index","2014","2014","IDX","Index","0","Units",,,0.328,,
"US033","Milwaukee","EQU_HOU_DISP_INC","Equivalised household disposable income","2014","2014","USD","US Dollar","0","Units",,,39707,,
"US033","Milwaukee","GINI_INC","Gini index","2014","2014","IDX","Index","0","Units",,,0.373,,
"US035","Madison","EQU_HOU_DISP_INC","Equivalised household disposable income","2014","2014","USD","US Dollar","0","Units",,,44136,,
"US035","Madison","GINI_INC","Gini index","2014","2014","IDX","Index","0","Units",,,0.329,,
"US038","Buffalo","EQU_HOU_DISP_INC","Equivalised household disposable income","2014","2014","USD","US Dollar","0","Units",,,32610,,
"US038","Buffalo","GINI_INC","Gini index","2014","2014","IDX","Index","0","Units",,,0.329,,
"US039","Grand Rapids","EQU_HOU_DISP_INC","Equivalised household disposable income","2014","2014","USD","US Dollar","0","Units",,,37590,,
"US039","Grand Rapids","GINI_INC","Gini index","2014","2014","IDX","Index","0","Units",,,0.347,,
"US044","Albany","EQU_HOU_DISP_INC","Equivalised household disposable income","2014","2014","USD","US Dollar","0","Units",,,37521,,
"US044","Albany","GINI_INC","Gini index","2014","2014","IDX","Index","0","Units",,,0.312,,
"US045","Detroit","EQU_HOU_DISP_INC","Equivalised household disposable income","2014","2014","USD","US Dollar","0","Units",,,39186,,
"US045","Detroit","GINI_INC","Gini index","2014","2014","IDX","Index","0","Units",,,0.386,,
"US048","Boston","EQU_HOU_DISP_INC","Equivalised household disposable income","2014","2014","USD","US Dollar","0","Units",,,51509,,
"US048","Boston","GINI_INC","Gini index","2014","2014","IDX","Index","0","Units",,,0.383,,
"US055","Chicago","EQU_HOU_DISP_INC","Equivalised household disposable income","2014","2014","USD","US Dollar","0","Units",,,43085,,
"US055","Chicago","GINI_INC","Gini index","2014","2014","IDX","Index","0","Units",,,0.407,,
"US060","Providence","EQU_HOU_DISP_INC","Equivalised household disposable income","2014","2014","USD","US Dollar","0","Units",,,38265,,
"US060","Providence","GINI_INC","Gini index","2014","2014","IDX","Index","0","Units",,,0.385,,
"US065","Toledo (US)","EQU_HOU_DISP_INC","Equivalised household disposable income","2014","2014","USD","US Dollar","0","Units",,,31867,,
"US065","Toledo (US)","GINI_INC","Gini index","2014","2014","IDX","Index","0","Units",,,0.385,,
"US069","Cleveland","EQU_HOU_DISP_INC","Equivalised household disposable income","2014","2014","USD","US Dollar","0","Units",,,35938,,
"US069","Cleveland","GINI_INC","Gini index","2014","2014","IDX","Index","0","Units",,,0.395,,
"US070","Des Moines","EQU_HOU_DISP_INC","Equivalised household disposable income","2014","2014","USD","US Dollar","0","Units",,,42739,,
"US070","Des Moines","GINI_INC","Gini index","2014","2014","IDX","Index","0","Units",,,0.328,,
"US077","Omaha","EQU_HOU_DISP_INC","Equivalised household disposable income","2014","2014","USD","US Dollar","0","Units",,,42989,,
"US077","Omaha","GINI_INC","Gini index","2014","2014","IDX","Index","0","Units",,,0.34,,
"US081","Akron","EQU_HOU_DISP_INC","Equivalised household disposable income","2014","2014","USD","US Dollar","0","Units",,,36788,,
"US081","Akron","GINI_INC","Gini index","2014","2014","IDX","Index","0","Units",,,0.369,,
"US084","New York","EQU_HOU_DISP_INC","Equivalised household disposable income","2014","2014","USD","US Dollar","0","Units",,,44016,,
"US084","New York","GINI_INC","Gini index","2014","2014","IDX","Index","0","Units",,,0.42,,
"US089","Salt Lake City","EQU_HOU_DISP_INC","Equivalised household disposable income","2014","2014","USD","US Dollar","0","Units",,,41912,,
"US089","Salt Lake City","GINI_INC","Gini index","2014","2014","IDX","Index","0","Units",,,0.362,,
"US097","Pittsburgh","EQU_HOU_DISP_INC","Equivalised household disposable income","2014","2014","USD","US Dollar","0","Units",,,44409,,
"US097","Pittsburgh","GINI_INC","Gini index","2014","2014","IDX","Index","0","Units",,,0.385,,
"US103","Harrisburg","EQU_HOU_DISP_INC","Equivalised household disposable income","2014","2014","USD","US Dollar","0","Units",,,42719,,
"US103","Harrisburg","GINI_INC","Gini index","2014","2014","IDX","Index","0","Units",,,0.328,,
"US106","Philadelphia","EQU_HOU_DISP_INC","Equivalised household disposable income","2014","2014","USD","US Dollar","0","Units",,,44398,,
"US106","Philadelphia","GINI_INC","Gini index","2014","2014","IDX","Index","0","Units",,,0.407,,
"US107","Columbus","EQU_HOU_DISP_INC","Equivalised household disposable income","2014","2014","USD","US Dollar","0","Units",,,39144,,
"US107","Columbus","GINI_INC","Gini index","2014","2014","IDX","Index","0","Units",,,0.361,,
"US114","Denver","EQU_HOU_DISP_INC","Equivalised household disposable income","2014","2014","USD","US Dollar","0","Units",,,46599,,
"US114","Denver","GINI_INC","Gini index","2014","2014","IDX","Index","0","Units",,,0.361,,
"US115","Indianapolis","EQU_HOU_DISP_INC","Equivalised household disposable income","2014","2014","USD","US Dollar","0","Units",,,39473,,
"US115","Indianapolis","GINI_INC","Gini index","2014","2014","IDX","Index","0","Units",,,0.392,,
"US117","Dayton","EQU_HOU_DISP_INC","Equivalised household disposable income","2014","2014","USD","US Dollar","0","Units",,,34149,,
"US117","Dayton","GINI_INC","Gini index","2014","2014","IDX","Index","0","Units",,,0.365,,
"US122","Baltimore","EQU_HOU_DISP_INC","Equivalised household disposable income","2014","2014","USD","US Dollar","0","Units",,,44323,,
"US122","Baltimore","GINI_INC","Gini index","2014","2014","IDX","Index","0","Units",,,0.379,,
"US124","Cincinnati","EQU_HOU_DISP_INC","Equivalised household disposable income","2014","2014","USD","US Dollar","0","Units",,,39113,,
"US124","Cincinnati","GINI_INC","Gini index","2014","2014","IDX","Index","0","Units",,,0.361,,
"US125","Washington","EQU_HOU_DISP_INC","Equivalised household disposable income","2014","2014","USD","US Dollar","0","Units",,,58866,,
"US125","Washington","GINI_INC","Gini index","2014","2014","IDX","Index","0","Units",,,0.342,,
"US128","Kansas City","EQU_HOU_DISP_INC","Equivalised household disposable income","2014","2014","USD","US Dollar","0","Units",,,43096,,
"US128","Kansas City","GINI_INC","Gini index","2014","2014","IDX","Index","0","Units",,,0.366,,
"US133","Colorado Springs","EQU_HOU_DISP_INC","Equivalised household disposable income","2014","2014","USD","US Dollar","0","Units",,,40478,,
"US133","Colorado Springs","GINI_INC","Gini index","2014","2014","IDX","Index","0","Units",,,0.336,,
"US134","Saint Louis (US)","EQU_HOU_DISP_INC","Equivalised household disposable income","2014","2014","USD","US Dollar","0","Units",,,43695,,
"US134","Saint Louis (US)","GINI_INC","Gini index","2014","2014","IDX","Index","0","Units",,,0.398,,
"US135","Sacramento/Roseville","EQU_HOU_DISP_INC","Equivalised household disposable income","2014","2014","USD","US Dollar","0","Units",,,37989,,
"US135","Sacramento/Roseville","GINI_INC","Gini index","2014","2014","IDX","Index","0","Units",,,0.376,,
"US141","Louisville","EQU_HOU_DISP_INC","Equivalised household disposable income","2014","2014","USD","US Dollar","0","Units",,,37453,,
"US141","Louisville","GINI_INC","Gini index","2014","2014","IDX","Index","0","Units",,,0.354,,
"US146","San Francisco","EQU_HOU_DISP_INC","Equivalised household disposable income","2014","2014","USD","US Dollar","0","Units",,,53873,,
"US146","San Francisco","GINI_INC","Gini index","2014","2014","IDX","Index","0","Units",,,0.402,,
"US147","Wichita","EQU_HOU_DISP_INC","Equivalised household disposable income","2014","2014","USD","US Dollar","0","Units",,,36073,,
"US147","Wichita","GINI_INC","Gini index","2014","2014","IDX","Index","0","Units",,,0.34,,
"US149","Richmond","EQU_HOU_DISP_INC","Equivalised household disposable income","2014","2014","USD","US Dollar","0","Units",,,38938,,
"US149","Richmond","GINI_INC","Gini index","2014","2014","IDX","Index","0","Units",,,0.396,,
"US154","Norfolk-Portsmouth-Chesapeake-Virginia beach","EQU_HOU_DISP_INC","Equivalised household disposable income","2014","2014","USD","US Dollar","0","Units",,,37620,,
"US154","Norfolk-Portsmouth-Chesapeake-Virginia beach","GINI_INC","Gini index","2014","2014","IDX","Index","0","Units",,,0.325,,
"US155","Fresno","EQU_HOU_DISP_INC","Equivalised household disposable income","2014","2014","USD","US Dollar","0","Units",,,27753,,
"US155","Fresno","GINI_INC","Gini index","2014","2014","IDX","Index","0","Units",,,0.4,,
"US159","Las Vegas","EQU_HOU_DISP_INC","Equivalised household disposable income","2014","2014","USD","US Dollar","0","Units",,,32847,,
"US159","Las Vegas","GINI_INC","Gini index","2014","2014","IDX","Index","0","Units",,,0.386,,
"US160","Nashville","EQU_HOU_DISP_INC","Equivalised household disposable income","2014","2014","USD","US Dollar","0","Units",,,43003,,
"US160","Nashville","GINI_INC","Gini index","2014","2014","IDX","Index","0","Units",,,0.383,,
"US161","Tulsa","EQU_HOU_DISP_INC","Equivalised household disposable income","2014","2014","USD","US Dollar","0","Units",,,40560,,
"US161","Tulsa","GINI_INC","Gini index","2014","2014","IDX","Index","0","Units",,,0.387,,
"US170","Raleigh","EQU_HOU_DISP_INC","Equivalised household disposable income","2014","2014","USD","US Dollar","0","Units",,,43135,,
"US170","Raleigh","GINI_INC","Gini index","2014","2014","IDX","Index","0","Units",,,0.342,,
"US174","Oklahoma city","EQU_HOU_DISP_INC","Equivalised household disposable income","2014","2014","USD","US Dollar","0","Units",,,41443,,
"US174","Oklahoma city","GINI_INC","Gini index","2014","2014","IDX","Index","0","Units",,,0.383,,
"US178","Charlotte","EQU_HOU_DISP_INC","Equivalised household disposable income","2014","2014","USD","US Dollar","0","Units",,,42479,,
"US178","Charlotte","GINI_INC","Gini index","2014","2014","IDX","Index","0","Units",,,0.383,,
"US180","Albuquerque","EQU_HOU_DISP_INC","Equivalised household disposable income","2014","2014","USD","US Dollar","0","Units",,,38921,,
"US180","Albuquerque","GINI_INC","Gini index","2014","2014","IDX","Index","0","Units",,,0.421,,
"US181","Memphis","EQU_HOU_DISP_INC","Equivalised household disposable income","2014","2014","USD","US Dollar","0","Units",,,36782,,
"US181","Memphis","GINI_INC","Gini index","2014","2014","IDX","Index","0","Units",,,0.38,,
"US186","Little Rock","EQU_HOU_DISP_INC","Equivalised household disposable income","2014","2014","USD","US Dollar","0","Units",,,37679,,
"US186","Little Rock","GINI_INC","Gini index","2014","2014","IDX","Index","0","Units",,,0.343,,
"US190","Los Angeles","EQU_HOU_DISP_INC","Equivalised household disposable income","2014","2014","USD","US Dollar","0","Units",,,37771,,
"US190","Los Angeles","GINI_INC","Gini index","2014","2014","IDX","Index","0","Units",,,0.412,,
"US195","Columbia","EQU_HOU_DISP_INC","Equivalised household disposable income","2014","2014","USD","US Dollar","0","Units",,,34799,,
"US195","Columbia","GINI_INC","Gini index","2014","2014","IDX","Index","0","Units",,,0.325,,
"US196","Atlanta","EQU_HOU_DISP_INC","Equivalised household disposable income","2014","2014","USD","US Dollar","0","Units",,,41896,,
"US196","Atlanta","GINI_INC","Gini index","2014","2014","IDX","Index","0","Units",,,0.394,,
"US202","Phoenix","EQU_HOU_DISP_INC","Equivalised household disposable income","2014","2014","USD","US Dollar","0","Units",,,39965,,
"US202","Phoenix","GINI_INC","Gini index","2014","2014","IDX","Index","0","Units",,,0.401,,
"US205","Birmingham (US)","EQU_HOU_DISP_INC","Equivalised household disposable income","2014","2014","USD","US Dollar","0","Units",,,40902,,
"US205","Birmingham (US)","GINI_INC","Gini index","2014","2014","IDX","Index","0","Units",,,0.379,,
"US209","Dallas","EQU_HOU_DISP_INC","Equivalised household disposable income","2014","2014","USD","US Dollar","0","Units",,,48208,,
"US209","Dallas","GINI_INC","Gini index","2014","2014","IDX","Index","0","Units",,,0.41,,
"US210","San Diego","EQU_HOU_DISP_INC","Equivalised household disposable income","2014","2014","USD","US Dollar","0","Units",,,40469,,
"US210","San Diego","GINI_INC","Gini index","2014","2014","IDX","Index","0","Units",,,0.386,,
"US212","Fort Worth","EQU_HOU_DISP_INC","Equivalised household disposable income","2014","2014","USD","US Dollar","0","Units",,,44989,,
"US212","Fort Worth","GINI_INC","Gini index","2014","2014","IDX","Index","0","Units",,,0.393,,
"US213","Charleston","EQU_HOU_DISP_INC","Equivalised household disposable income","2014","2014","USD","US Dollar","0","Units",,,36974,,
"US213","Charleston","GINI_INC","Gini index","2014","2014","IDX","Index","0","Units",,,0.342,,
"US223","Tucson","EQU_HOU_DISP_INC","Equivalised household disposable income","2014","2014","USD","US Dollar","0","Units",,,35991,,
"US223","Tucson","GINI_INC","Gini index","2014","2014","IDX","Index","0","Units",,,0.404,,
"US227","El Paso","EQU_HOU_DISP_INC","Equivalised household disposable income","2014","2014","USD","US Dollar","0","Units",,,30264,,
"US227","El Paso","GINI_INC","Gini index","2014","2014","IDX","Index","0","Units",,,0.403,,
"US233","Baton Rouge","EQU_HOU_DISP_INC","Equivalised household disposable income","2014","2014","USD","US Dollar","0","Units",,,37693,,
"US233","Baton Rouge","GINI_INC","Gini index","2014","2014","IDX","Index","0","Units",,,0.376,,
"US234","Austin","EQU_HOU_DISP_INC","Equivalised household disposable income","2014","2014","USD","US Dollar","0","Units",,,49104,,
"US234","Austin","GINI_INC","Gini index","2014","2014","IDX","Index","0","Units",,,0.405,,
"US237","Jacksonville","EQU_HOU_DISP_INC","Equivalised household disposable income","2014","2014","USD","US Dollar","0","Units",,,40094,,
"US237","Jacksonville","GINI_INC","Gini index","2014","2014","IDX","Index","0","Units",,,0.383,,
"US241","New Orleans","EQU_HOU_DISP_INC","Equivalised household disposable income","2014","2014","USD","US Dollar","0","Units",,,38179,,
"US241","New Orleans","GINI_INC","Gini index","2014","2014","IDX","Index","0","Units",,,0.407,,
"US242","Houston","EQU_HOU_DISP_INC","Equivalised household disposable income","2014","2014","USD","US Dollar","0","Units",,,47126,,
"US242","Houston","GINI_INC","Gini index","2014","2014","IDX","Index","0","Units",,,0.422,,
"US245","San Antonio","EQU_HOU_DISP_INC","Equivalised household disposable income","2014","2014","USD","US Dollar","0","Units",,,39774,,
"US245","San Antonio","GINI_INC","Gini index","2014","2014","IDX","Index","0","Units",,,0.384,,
"US250","Orlando","EQU_HOU_DISP_INC","Equivalised household disposable income","2014","2014","USD","US Dollar","0","Units",,,36300,,
"US250","Orlando","GINI_INC","Gini index","2014","2014","IDX","Index","0","Units",,,0.379,,
"US251","Clearwater/Saint Petersburg","EQU_HOU_DISP_INC","Equivalised household disposable income","2014","2014","USD","US Dollar","0","Units",,,37476,,
"US251","Clearwater/Saint Petersburg","GINI_INC","Gini index","2014","2014","IDX","Index","0","Units",,,0.385,,
"US252","Tampa","EQU_HOU_DISP_INC","Equivalised household disposable income","2014","2014","USD","US Dollar","0","Units",,,39604,,
"US252","Tampa","GINI_INC","Gini index","2014","2014","IDX","Index","0","Units",,,0.397,,
"US259","Miami","EQU_HOU_DISP_INC","Equivalised household disposable income","2014","2014","USD","US Dollar","0","Units",,,39391,,
"US259","Miami","GINI_INC","Gini index","2014","2014","IDX","Index","0","Units",,,0.428,,
"US261","Mcallen","EQU_HOU_DISP_INC","Equivalised household disposable income","2014","2014","USD","US Dollar","0","Units",,,25359,,
"US261","Mcallen","GINI_INC","Gini index","2014","2014","IDX","Index","0","Units",,,0.426,,
"MEX05","Juárez","EQU_HOU_DISP_INC","Equivalised household disposable income","2010","2010","USD","US Dollar","0","Units",,,7233,,
"MEX05","Juárez","GINI_INC","Gini index","2010","2010","IDX","Index","0","Units",,,0.42,,
"MEX08","Hermosillo","EQU_HOU_DISP_INC","Equivalised household disposable income","2010","2010","USD","US Dollar","0","Units",,,9691,,
"MEX08","Hermosillo","GINI_INC","Gini index","2010","2010","IDX","Index","0","Units",,,0.44,,
"MEX10","Chihuahua","EQU_HOU_DISP_INC","Equivalised household disposable income","2010","2010","USD","US Dollar","0","Units",,,8705,,
"MEX10","Chihuahua","GINI_INC","Gini index","2010","2010","IDX","Index","0","Units",,,0.42,,
"MEX16","Reynosa","EQU_HOU_DISP_INC","Equivalised household disposable income","2010","2010","USD","US Dollar","0","Units",,,6484,,
"MEX16","Reynosa","GINI_INC","Gini index","2010","2010","IDX","Index","0","Units",,,0.41,,
"MEX21","Saltillo","EQU_HOU_DISP_INC","Equivalised household disposable income","2010","2010","USD","US Dollar","0","Units",,,8190,,
"MEX21","Saltillo","GINI_INC","Gini index","2010","2010","IDX","Index","0","Units",,,0.44,,
"MEX22","Culiacán","EQU_HOU_DISP_INC","Equivalised household disposable income","2010","2010","USD","US Dollar","0","Units",,,7664,,
"MEX22","Culiacán","GINI_INC","Gini index","2010","2010","IDX","Index","0","Units",,,0.44,,
"MEX24","Durango","EQU_HOU_DISP_INC","Equivalised household disposable income","2010","2010","USD","US Dollar","0","Units",,,6355,,
"MEX24","Durango","GINI_INC","Gini index","2010","2010","IDX","Index","0","Units",,,0.44,,
"MEX28","Tampico","EQU_HOU_DISP_INC","Equivalised household disposable income","2010","2010","USD","US Dollar","0","Units",,,7514,,
"MEX28","Tampico","GINI_INC","Gini index","2010","2010","IDX","Index","0","Units",,,0.46,,
"MEX31","Aguascalientes","EQU_HOU_DISP_INC","Equivalised household disposable income","2010","2010","USD","US Dollar","0","Units",,,7316,,
"MEX31","Aguascalientes","GINI_INC","Gini index","2010","2010","IDX","Index","0","Units",,,0.44,,
"MEX34","León","EQU_HOU_DISP_INC","Equivalised household disposable income","2010","2010","USD","US Dollar","0","Units",,,7379,,
"MEX34","León","GINI_INC","Gini index","2010","2010","IDX","Index","0","Units",,,0.45,,
"MEX37","Guadalajara","EQU_HOU_DISP_INC","Equivalised household disposable income","2010","2010","USD","US Dollar","0","Units",,,8005,,
"MEX37","Guadalajara","GINI_INC","Gini index","2010","2010","IDX","Index","0","Units",,,0.45,,
"MEX40","Querétaro","EQU_HOU_DISP_INC","Equivalised household disposable income","2010","2010","USD","US Dollar","0","Units",,,8835,,
"MEX40","Querétaro","GINI_INC","Gini index","2010","2010","IDX","Index","0","Units",,,0.48,,
"MEX42","Celaya","EQU_HOU_DISP_INC","Equivalised household disposable income","2010","2010","USD","US Dollar","0","Units",,,7194,,
"MEX42","Celaya","GINI_INC","Gini index","2010","2010","IDX","Index","0","Units",,,0.48,,
"MEX46","Pachuca de Soto","EQU_HOU_DISP_INC","Equivalised household disposable income","2010","2010","USD","US Dollar","0","Units",,,7688,,
"MEX46","Pachuca de Soto","GINI_INC","Gini index","2010","2010","IDX","Index","0","Units",,,0.48,,
"MEX50","Morelia","EQU_HOU_DISP_INC","Equivalised household disposable income","2010","2010","USD","US Dollar","0","Units",,,7977,,
"MEX50","Morelia","GINI_INC","Gini index","2010","2010","IDX","Index","0","Units",,,0.48,,
"MEX51","Mexico City","EQU_HOU_DISP_INC","Equivalised household disposable income","2010","2010","USD","US Dollar","0","Units",,,7771,,
"MEX51","Mexico City","GINI_INC","Gini index","2010","2010","IDX","Index","0","Units",,,0.45,,
"MEX52","Xalapa","EQU_HOU_DISP_INC","Equivalised household disposable income","2010","2010","USD","US Dollar","0","Units",,,7371,,
"MEX52","Xalapa","GINI_INC","Gini index","2010","2010","IDX","Index","0","Units",,,0.48,,
"MEX55","Toluca","EQU_HOU_DISP_INC","Equivalised household disposable income","2010","2010","USD","US Dollar","0","Units",,,6849,,
"MEX55","Toluca","GINI_INC","Gini index","2010","2010","IDX","Index","0","Units",,,0.48,,
"MEX60","Puebla","EQU_HOU_DISP_INC","Equivalised household disposable income","2010","2010","USD","US Dollar","0","Units",,,6488,,
"MEX60","Puebla","GINI_INC","Gini index","2010","2010","IDX","Index","0","Units",,,0.47,,
"MEX61","Cuernavaca","EQU_HOU_DISP_INC","Equivalised household disposable income","2010","2010","USD","US Dollar","0","Units",,,7393,,
"MEX61","Cuernavaca","GINI_INC","Gini index","2010","2010","IDX","Index","0","Units",,,0.48,,
"MEX70","Centro","EQU_HOU_DISP_INC","Equivalised household disposable income","2010","2010","USD","US Dollar","0","Units",,,7888,,
"MEX70","Centro","GINI_INC","Gini index","2010","2010","IDX","Index","0","Units",,,0.48,,
"MEX74","Acapulco de Juárez","EQU_HOU_DISP_INC","Equivalised household disposable income","2010","2010","USD","US Dollar","0","Units",,,5395,,
"MEX74","Acapulco de Juárez","GINI_INC","Gini index","2010","2010","IDX","Index","0","Units",,,0.44,,
"MEX75","Tuxtla Gutiérrez","EQU_HOU_DISP_INC","Equivalised household disposable income","2010","2010","USD","US Dollar","0","Units",,,8160,,
"MEX75","Tuxtla Gutiérrez","GINI_INC","Gini index","2010","2010","IDX","Index","0","Units",,,0.5,,
"AUS01","Sydney","EQU_HOU_DISP_INC","Equivalised household disposable income","2011","2011","USD","US Dollar","0","Units",,,39221,,
"AUS02","Melbourne","EQU_HOU_DISP_INC","Equivalised household disposable income","2011","2011","USD","US Dollar","0","Units",,,35233,,
"AUS03","Brisbane","EQU_HOU_DISP_INC","Equivalised household disposable income","2011","2011","USD","US Dollar","0","Units",,,34963,,
"AUS04","Perth","EQU_HOU_DISP_INC","Equivalised household disposable income","2011","2011","USD","US Dollar","0","Units",,,40330,,
"AUS05","Adelaide","EQU_HOU_DISP_INC","Equivalised household disposable income","2011","2011","USD","US Dollar","0","Units",,,33112,,
"AUS06","Gold Coast-Tweed Heads","EQU_HOU_DISP_INC","Equivalised household disposable income","2011","2011","USD","US Dollar","0","Units",,,30989,,
"CAN01","Edmonton","ENTROPY_1000M","Spatial ordinal entropy index at a 1,000 meters scale","2011","2011","IDX","Index","0","Units",,,0.062,,
"CAN04","Calgary","ENTROPY_1000M","Spatial ordinal entropy index at a 1,000 meters scale","2011","2011","IDX","Index","0","Units",,,0.055,,
"CAN06","Winnipeg","ENTROPY_1000M","Spatial ordinal entropy index at a 1,000 meters scale","2011","2011","IDX","Index","0","Units",,,0.085,,
"CAN09","Vancouver","ENTROPY_1000M","Spatial ordinal entropy index at a 1,000 meters scale","2011","2011","IDX","Index","0","Units",,,0.042,,
"CAN16","Quebec","ENTROPY_1000M","Spatial ordinal entropy index at a 1,000 meters scale","2011","2011","IDX","Index","0","Units",,,0.075,,
"CAN20","Montreal","ENTROPY_1000M","Spatial ordinal entropy index at a 1,000 meters scale","2011","2011","IDX","Index","0","Units",,,0.077,,
"CAN21","Ottawa-Gatineau","ENTROPY_1000M","Spatial ordinal entropy index at a 1,000 meters scale","2011","2011","IDX","Index","0","Units",,,0.084,,
"CAN26","Toronto","ENTROPY_1000M","Spatial ordinal entropy index at a 1,000 meters scale","2011","2011","IDX","Index","0","Units",,,0.051,,
"CAN29","Hamilton","ENTROPY_1000M","Spatial ordinal entropy index at a 1,000 meters scale","2011","2011","IDX","Index","0","Units",,,0.094,,
"DK001","Copenhagen","ENTROPY_1000M","Spatial ordinal entropy index at a 1,000 meters scale","2013","2013","IDX","Index","0","Units",,,0.049,,
"FR001","Paris","ENTROPY_1000M","Spatial ordinal entropy index at a 1,000 meters scale","2011","2011","IDX","Index","0","Units",,,0.049,,
"FR003","Lyon","ENTROPY_1000M","Spatial ordinal entropy index at a 1,000 meters scale","2011","2011","IDX","Index","0","Units",,,0.05,,
"FR004","Toulouse","ENTROPY_1000M","Spatial ordinal entropy index at a 1,000 meters scale","2011","2011","IDX","Index","0","Units",,,0.039,,
"FR006","Strasbourg","ENTROPY_1000M","Spatial ordinal entropy index at a 1,000 meters scale","2011","2011","IDX","Index","0","Units",,,0.046,,
"FR007","Bordeaux","ENTROPY_1000M","Spatial ordinal entropy index at a 1,000 meters scale","2011","2011","IDX","Index","0","Units",,,0.041,,
"FR008","Nantes","ENTROPY_1000M","Spatial ordinal entropy index at a 1,000 meters scale","2011","2011","IDX","Index","0","Units",,,0.037,,
"FR009","Lille","ENTROPY_1000M","Spatial ordinal entropy index at a 1,000 meters scale","2011","2011","IDX","Index","0","Units",,,0.06,,
"FR010","Montpellier","ENTROPY_1000M","Spatial ordinal entropy index at a 1,000 meters scale","2011","2011","IDX","Index","0","Units",,,0.051,,
"FR011","Saint-Étienne","ENTROPY_1000M","Spatial ordinal entropy index at a 1,000 meters scale","2011","2011","IDX","Index","0","Units",,,0.037,,
"FR013","Rennes","ENTROPY_1000M","Spatial ordinal entropy index at a 1,000 meters scale","2011","2011","IDX","Index","0","Units",,,0.034,,
"FR026","Grenoble","ENTROPY_1000M","Spatial ordinal entropy index at a 1,000 meters scale","2011","2011","IDX","Index","0","Units",,,0.054,,
"FR032","Toulon","ENTROPY_1000M","Spatial ordinal entropy index at a 1,000 meters scale","2011","2011","IDX","Index","0","Units",,,0.046,,
"FR203","Marseille","ENTROPY_1000M","Spatial ordinal entropy index at a 1,000 meters scale","2011","2011","IDX","Index","0","Units",,,0.061,,
"FR205","Nice","ENTROPY_1000M","Spatial ordinal entropy index at a 1,000 meters scale","2011","2011","IDX","Index","0","Units",,,0.045,,
"FR215","Rouen","ENTROPY_1000M","Spatial ordinal entropy index at a 1,000 meters scale","2011","2011","IDX","Index","0","Units",,,0.057,,
"US003","Seattle","ENTROPY_1000M","Spatial ordinal entropy index at a 1,000 meters scale","2014","2014","IDX","Index","0","Units",,,0.072,,
"US012","Portland","ENTROPY_1000M","Spatial ordinal entropy index at a 1,000 meters scale","2014","2014","IDX","Index","0","Units",,,0.058,,
"US014","Minneapolis","ENTROPY_1000M","Spatial ordinal entropy index at a 1,000 meters scale","2014","2014","IDX","Index","0","Units",,,0.079,,
"US033","Milwaukee","ENTROPY_1000M","Spatial ordinal entropy index at a 1,000 meters scale","2014","2014","IDX","Index","0","Units",,,0.106,,
"US035","Madison","ENTROPY_1000M","Spatial ordinal entropy index at a 1,000 meters scale","2014","2014","IDX","Index","0","Units",,,0.074,,
"US038","Buffalo","ENTROPY_1000M","Spatial ordinal entropy index at a 1,000 meters scale","2014","2014","IDX","Index","0","Units",,,0.088,,
"US039","Grand Rapids","ENTROPY_1000M","Spatial ordinal entropy index at a 1,000 meters scale","2014","2014","IDX","Index","0","Units",,,0.087,,
"US044","Albany","ENTROPY_1000M","Spatial ordinal entropy index at a 1,000 meters scale","2014","2014","IDX","Index","0","Units",,,0.076,,
"US045","Detroit","ENTROPY_1000M","Spatial ordinal entropy index at a 1,000 meters scale","2014","2014","IDX","Index","0","Units",,,0.119,,
"US048","Boston","ENTROPY_1000M","Spatial ordinal entropy index at a 1,000 meters scale","2014","2014","IDX","Index","0","Units",,,0.075,,
"US055","Chicago","ENTROPY_1000M","Spatial ordinal entropy index at a 1,000 meters scale","2014","2014","IDX","Index","0","Units",,,0.094,,
"US060","Providence","ENTROPY_1000M","Spatial ordinal entropy index at a 1,000 meters scale","2014","2014","IDX","Index","0","Units",,,0.071,,
"US069","Cleveland","ENTROPY_1000M","Spatial ordinal entropy index at a 1,000 meters scale","2014","2014","IDX","Index","0","Units",,,0.116,,
"US070","Des Moines","ENTROPY_1000M","Spatial ordinal entropy index at a 1,000 meters scale","2014","2014","IDX","Index","0","Units",,,0.075,,
"US077","Omaha","ENTROPY_1000M","Spatial ordinal entropy index at a 1,000 meters scale","2014","2014","IDX","Index","0","Units",,,0.098,,
"US081","Akron","ENTROPY_1000M","Spatial ordinal entropy index at a 1,000 meters scale","2014","2014","IDX","Index","0","Units",,,0.113,,
"US084","New York","ENTROPY_1000M","Spatial ordinal entropy index at a 1,000 meters scale","2014","2014","IDX","Index","0","Units",,,0.1,,
"US089","Salt Lake City","ENTROPY_1000M","Spatial ordinal entropy index at a 1,000 meters scale","2014","2014","IDX","Index","0","Units",,,0.09,,
"US097","Pittsburgh","ENTROPY_1000M","Spatial ordinal entropy index at a 1,000 meters scale","2014","2014","IDX","Index","0","Units",,,0.083,,
"US103","Harrisburg","ENTROPY_1000M","Spatial ordinal entropy index at a 1,000 meters scale","2014","2014","IDX","Index","0","Units",,,0.064,,
"US106","Philadelphia","ENTROPY_1000M","Spatial ordinal entropy index at a 1,000 meters scale","2014","2014","IDX","Index","0","Units",,,0.12,,
"US107","Columbus","ENTROPY_1000M","Spatial ordinal entropy index at a 1,000 meters scale","2014","2014","IDX","Index","0","Units",,,0.084,,
"US114","Denver","ENTROPY_1000M","Spatial ordinal entropy index at a 1,000 meters scale","2014","2014","IDX","Index","0","Units",,,0.096,,
"US115","Indianapolis","ENTROPY_1000M","Spatial ordinal entropy index at a 1,000 meters scale","2014","2014","IDX","Index","0","Units",,,0.119,,
"US117","Dayton","ENTROPY_1000M","Spatial ordinal entropy index at a 1,000 meters scale","2014","2014","IDX","Index","0","Units",,,0.098,,
"US122","Baltimore","ENTROPY_1000M","Spatial ordinal entropy index at a 1,000 meters scale","2014","2014","IDX","Index","0","Units",,,0.115,,
"US124","Cincinnati","ENTROPY_1000M","Spatial ordinal entropy index at a 1,000 meters scale","2014","2014","IDX","Index","0","Units",,,0.097,,
"US125","Washington","ENTROPY_1000M","Spatial ordinal entropy index at a 1,000 meters scale","2014","2014","IDX","Index","0","Units",,,0.093,,
"US128","Kansas City","ENTROPY_1000M","Spatial ordinal entropy index at a 1,000 meters scale","2014","2014","IDX","Index","0","Units",,,0.112,,
"US133","Colorado Springs","ENTROPY_1000M","Spatial ordinal entropy index at a 1,000 meters scale","2014","2014","IDX","Index","0","Units",,,0.094,,
"US134","Saint Louis (US)","ENTROPY_1000M","Spatial ordinal entropy index at a 1,000 meters scale","2014","2014","IDX","Index","0","Units",,,0.101,,
"US135","Sacramento/Roseville","ENTROPY_1000M","Spatial ordinal entropy index at a 1,000 meters scale","2014","2014","IDX","Index","0","Units",,,0.081,,
"US141","Louisville","ENTROPY_1000M","Spatial ordinal entropy index at a 1,000 meters scale","2014","2014","IDX","Index","0","Units",,,0.102,,
"US146","San Francisco","ENTROPY_1000M","Spatial ordinal entropy index at a 1,000 meters scale","2014","2014","IDX","Index","0","Units",,,0.077,,
"US147","Wichita","ENTROPY_1000M","Spatial ordinal entropy index at a 1,000 meters scale","2014","2014","IDX","Index","0","Units",,,0.108,,
"US149","Richmond","ENTROPY_1000M","Spatial ordinal entropy index at a 1,000 meters scale","2014","2014","IDX","Index","0","Units",,,0.116,,
"US154","Norfolk-Portsmouth-Chesapeake-Virginia beach","ENTROPY_1000M","Spatial ordinal entropy index at a 1,000 meters scale","2014","2014","IDX","Index","0","Units",,,0.084,,
"US155","Fresno","ENTROPY_1000M","Spatial ordinal entropy index at a 1,000 meters scale","2014","2014","IDX","Index","0","Units",,,0.104,,
"US159","Las Vegas","ENTROPY_1000M","Spatial ordinal entropy index at a 1,000 meters scale","2014","2014","IDX","Index","0","Units",,,0.086,,
"US160","Nashville","ENTROPY_1000M","Spatial ordinal entropy index at a 1,000 meters scale","2014","2014","IDX","Index","0","Units",,,0.107,,
"US161","Tulsa","ENTROPY_1000M","Spatial ordinal entropy index at a 1,000 meters scale","2014","2014","IDX","Index","0","Units",,,0.085,,
"US170","Raleigh","ENTROPY_1000M","Spatial ordinal entropy index at a 1,000 meters scale","2014","2014","IDX","Index","0","Units",,,0.092,,
"US174","Oklahoma city","ENTROPY_1000M","Spatial ordinal entropy index at a 1,000 meters scale","2014","2014","IDX","Index","0","Units",,,0.096,,
"US178","Charlotte","ENTROPY_1000M","Spatial ordinal entropy index at a 1,000 meters scale","2014","2014","IDX","Index","0","Units",,,0.108,,
"US180","Albuquerque","ENTROPY_1000M","Spatial ordinal entropy index at a 1,000 meters scale","2014","2014","IDX","Index","0","Units",,,0.076,,
"US181","Memphis","ENTROPY_1000M","Spatial ordinal entropy index at a 1,000 meters scale","2014","2014","IDX","Index","0","Units",,,0.133,,
"US186","Little Rock","ENTROPY_1000M","Spatial ordinal entropy index at a 1,000 meters scale","2014","2014","IDX","Index","0","Units",,,0.073,,
"US190","Los Angeles","ENTROPY_1000M","Spatial ordinal entropy index at a 1,000 meters scale","2014","2014","IDX","Index","0","Units",,,0.092,,
"US195","Columbia","ENTROPY_1000M","Spatial ordinal entropy index at a 1,000 meters scale","2014","2014","IDX","Index","0","Units",,,0.084,,
"US196","Atlanta","ENTROPY_1000M","Spatial ordinal entropy index at a 1,000 meters scale","2014","2014","IDX","Index","0","Units",,,0.08,,
"US202","Phoenix","ENTROPY_1000M","Spatial ordinal entropy index at a 1,000 meters scale","2014","2014","IDX","Index","0","Units",,,0.112,,
"US209","Dallas","ENTROPY_1000M","Spatial ordinal entropy index at a 1,000 meters scale","2014","2014","IDX","Index","0","Units",,,0.124,,
"US210","San Diego","ENTROPY_1000M","Spatial ordinal entropy index at a 1,000 meters scale","2014","2014","IDX","Index","0","Units",,,0.077,,
"US212","Fort Worth","ENTROPY_1000M","Spatial ordinal entropy index at a 1,000 meters scale","2014","2014","IDX","Index","0","Units",,,0.11,,
"US213","Charleston","ENTROPY_1000M","Spatial ordinal entropy index at a 1,000 meters scale","2014","2014","IDX","Index","0","Units",,,0.075,,
"US223","Tucson","ENTROPY_1000M","Spatial ordinal entropy index at a 1,000 meters scale","2014","2014","IDX","Index","0","Units",,,0.107,,
"US227","El Paso","ENTROPY_1000M","Spatial ordinal entropy index at a 1,000 meters scale","2014","2014","IDX","Index","0","Units",,,0.101,,
"US233","Baton Rouge","ENTROPY_1000M","Spatial ordinal entropy index at a 1,000 meters scale","2014","2014","IDX","Index","0","Units",,,0.077,,
"US234","Austin","ENTROPY_1000M","Spatial ordinal entropy index at a 1,000 meters scale","2014","2014","IDX","Index","0","Units",,,0.106,,
"US237","Jacksonville","ENTROPY_1000M","Spatial ordinal entropy index at a 1,000 meters scale","2014","2014","IDX","Index","0","Units",,,0.084,,
"US241","New Orleans","ENTROPY_1000M","Spatial ordinal entropy index at a 1,000 meters scale","2014","2014","IDX","Index","0","Units",,,0.075,,
"US242","Houston","ENTROPY_1000M","Spatial ordinal entropy index at a 1,000 meters scale","2014","2014","IDX","Index","0","Units",,,0.118,,
"US245","San Antonio","ENTROPY_1000M","Spatial ordinal entropy index at a 1,000 meters scale","2014","2014","IDX","Index","0","Units",,,0.112,,
"US250","Orlando","ENTROPY_1000M","Spatial ordinal entropy index at a 1,000 meters scale","2014","2014","IDX","Index","0","Units",,,0.07,,
"US251","Clearwater/Saint Petersburg","ENTROPY_1000M","Spatial ordinal entropy index at a 1,000 meters scale","2014","2014","IDX","Index","0","Units",,,0.06,,
"US252","Tampa","ENTROPY_1000M","Spatial ordinal entropy index at a 1,000 meters scale","2014","2014","IDX","Index","0","Units",,,0.102,,
"US259","Miami","ENTROPY_1000M","Spatial ordinal entropy index at a 1,000 meters scale","2014","2014","IDX","Index","0","Units",,,0.092,,
"US261","Mcallen","ENTROPY_1000M","Spatial ordinal entropy index at a 1,000 meters scale","2014","2014","IDX","Index","0","Units",,,0.059,,
"US205","Birmingham (US)","ENTROPY_1000M","Spatial ordinal entropy index at a 1,000 meters scale","2014","2014","IDX","Index","0","Units",,,0.115,,
"AUT","Austria","EQU_HOU_DISP_INC","Equivalised household disposable income","2012","2012","USD","US Dollar","0","Units",,,30920,,
"AUT","Austria","GINI_INC","Gini index","2012","2012","IDX","Index","0","Units",,,0.255,,
"BEL","Belgium","EQU_HOU_DISP_INC","Equivalised household disposable income","2013","2013","USD","US Dollar","0","Units",,,27031,,
"BEL","Belgium","GINI_INC","Gini index","2013","2013","IDX","Index","0","Units",,,0.311,,
"CAN","Canada","EQU_HOU_DISP_INC","Equivalised household disposable income","2013","2013","USD","US Dollar","0","Units",,,30369,,
"CAN","Canada","GINI_INC","Gini index","2013","2013","IDX","Index","0","Units",,,0.373,,
"CHL","Chile","EQU_HOU_DISP_INC","Equivalised household disposable income","2013","2013","USD","US Dollar","0","Units",,,11091,,
"CHL","Chile","GINI_INC","Gini index","2013","2013","IDX","Index","0","Units",,,0.439,,
"DNK","Denmark","EQU_HOU_DISP_INC","Equivalised household disposable income","2014","2014","USD","US Dollar","0","Units",,,25308,,
"DNK","Denmark","GINI_INC","Gini index","2014","2014","IDX","Index","0","Units",,,0.24,,
"EST","Estonia","EQU_HOU_DISP_INC","Equivalised household disposable income","2014","2014","USD","US Dollar","0","Units",,,16938,,
"FIN","Finland","EQU_HOU_DISP_INC","Equivalised household disposable income","2014","2014","USD","US Dollar","0","Units",,,24766,,
"FRA","France","EQU_HOU_DISP_INC","Equivalised household disposable income","2011","2011","USD","US Dollar","0","Units",,,29014,,
"FRA","France","GINI_INC","Gini index","2011","2011","IDX","Index","0","Units",,,0.339,,
"HUN","Hungary","EQU_HOU_DISP_INC","Equivalised household disposable income","2013","2013","USD","US Dollar","0","Units",,,9288,,
"ITA","Italy","EQU_HOU_DISP_INC","Equivalised household disposable income","2013","2013","USD","US Dollar","0","Units",,,23597,,
"ITA","Italy","GINI_INC","Gini index","2013","2013","IDX","Index","0","Units",,,0.305,,
"JPN","Japan","EQU_HOU_DISP_INC","Equivalised household disposable income","2013","2013","USD","US Dollar","0","Units",,,23337,,
"MEX","Mexico","EQU_HOU_DISP_INC","Equivalised household disposable income","2010","2010","USD","US Dollar","0","Units",,,6248,,
"NLD","The Netherlands","EQU_HOU_DISP_INC","Equivalised household disposable income","2013","2013","USD","US Dollar","0","Units",,,28207,,
"NOR","Norway","EQU_HOU_DISP_INC","Equivalised household disposable income","2013","2013","USD","US Dollar","0","Units",,,38764,,
"NOR","Norway","GINI_INC","Gini index","2013","2013","IDX","Index","0","Units",,,0.24,,
"SWE","Sweden","EQU_HOU_DISP_INC","Equivalised household disposable income","2013","2013","USD","US Dollar","0","Units",,,29182,,
"SWE","Sweden","GINI_INC","Gini index","2013","2013","IDX","Index","0","Units",,,0.271,,
"GBR","United Kingdom","EQU_HOU_DISP_INC","Equivalised household disposable income","2012","2012","USD","US Dollar","0","Units",,,25815,,
"USA","United States","EQU_HOU_DISP_INC","Equivalised household disposable income","2014","2014","USD","US Dollar","0","Units",,,42267,,
"USA","United States","GINI_INC","Gini index","2014","2014","IDX","Index","0","Units",,,0.376,,
"AUS","Australia","EQU_HOU_DISP_INC","Equivalised household disposable income","2011","2011","USD","US Dollar","0","Units",,,34793,,
